AQI,PM2.5,PM2.5_24h,PM10,PM10_24h,SO2,SO2_24h,NO2,NO2_24h,O3,O3_24h,O3_8h,O3_8h_24h,CO,CO_24h,name
52.083333333333336,41.291666666666664,19.875,51.875,25.166666666666668,7.458333333333333,2.0416666666666665,35.5,13.375,48.791666666666664,28.5,36.625,39.416666666666664,0.4720833333333334,0.15,成都
36.291666666666664,30.625,6.333333333333333,49.458333333333336,12.25,11.708333333333334,2.2083333333333335,38.666666666666664,5.916666666666667,63.583333333333336,6.416666666666667,46.125,38.125,0.8316666666666667,0.15250000000000002,昆明
43.125,34.291666666666664,23.5,41.25,26.541666666666668,3.6666666666666665,1.625,28.5,10.125,31.875,13.541666666666666,23.041666666666668,21.333333333333332,0.5208333333333334,0.2191666666666667,武汉
26.833333333333332,21.333333333333332,10.75,32.125,15.75,6.458333333333333,1.4583333333333333,21.75,6.791666666666667,25.708333333333332,18.25,18.458333333333332,20.791666666666668,0.32958333333333334,0.11166666666666668,重庆
58.0,44.958333333333336,24.25,41.166666666666664,20.625,2.5416666666666665,1.0416666666666667,24.625,8.958333333333334,31.5,17.875,23.625,25.291666666666668,0.43583333333333324,0.16750000000000007,长沙
48.583333333333336,38.75,18.416666666666668,53.0,25.208333333333332,7.916666666666667,2.9166666666666665,25.708333333333332,8.291666666666666,41.375,22.083333333333332,30.916666666666668,27.208333333333332,0.4625000000000001,0.16499999999999998,南昌
35.833333333333336,30.208333333333332,12.5,34.458333333333336,12.208333333333334,5.916666666666667,1.7916666666666667,33.333333333333336,11.208333333333334,66.66666666666667,24.375,48.833333333333336,39.666666666666664,0.43,0.15041666666666667,厦门
47.083333333333336,40.541666666666664,20.0,52.916666666666664,26.291666666666668,3.4583333333333335,1.0416666666666667,27.5,8.333333333333334,53.208333333333336,22.041666666666668,36.666666666666664,33.375,0.42750000000000005,0.16124999999999998,台州
44.0,34.958333333333336,14.208333333333334,47.583333333333336,16.041666666666668,3.5833333333333335,0.8333333333333334,24.666666666666668,7.166666666666667,72.79166666666667,27.791666666666668,55.0,50.0,0.4183333333333333,0.12791666666666668,泉州
43.833333333333336,36.166666666666664,18.416666666666668,59.166666666666664,29.708333333333332,2.8333333333333335,1.125,29.375,10.625,50.708333333333336,22.375,39.458333333333336,38.041666666666664,0.35125000000000006,0.13458333333333336,温州
32.375,23.833333333333332,14.791666666666666,37.291666666666664,17.291666666666668,1.8333333333333333,0.5833333333333334,26.916666666666668,8.791666666666666,55.333333333333336,22.875,40.333333333333336,34.708333333333336,0.33666666666666667,0.11875000000000002,福州
37.291666666666664,28.416666666666668,12.25,41.166666666666664,17.833333333333332,14.5,4.375,19.541666666666668,5.125,36.25,18.833333333333332,25.291666666666668,21.791666666666668,0.34833333333333333,0.15625000000000003,贵阳
32.791666666666664,27.666666666666668,9.583333333333334,41.916666666666664,13.541666666666666,17.666666666666668,3.3333333333333335,34.208333333333336,7.833333333333333,62.708333333333336,21.25,46.666666666666664,48.375,1.4000000000000001,0.30750000000000005,三明
34.25,29.791666666666668,13.083333333333334,43.0,20.625,27.708333333333332,7.041666666666667,22.833333333333332,7.333333333333333,42.875,29.875,31.875,35.583333333333336,0.3958333333333334,0.1625,上饶
38.416666666666664,27.958333333333332,15.083333333333334,44.291666666666664,16.875,3.9583333333333335,0.7083333333333334,21.541666666666668,7.958333333333333,51.291666666666664,20.25,36.916666666666664,37.375,0.39625,0.14916666666666673,丽水
63.0,50.208333333333336,22.833333333333332,54.208333333333336,24.916666666666668,4.916666666666667,1.7083333333333333,17.708333333333332,5.791666666666667,38.5,23.041666666666668,31.166666666666668,28.541666666666668,0.44583333333333347,0.17833333333333334,九江
37.0,30.791666666666668,11.041666666666666,34.333333333333336,12.5,7.875,1.9166666666666667,28.875,6.708333333333333,67.41666666666667,24.583333333333332,49.833333333333336,49.75,0.6283333333333333,0.17375,南平
61.166666666666664,47.833333333333336,22.916666666666668,58.875,27.583333333333332,5.25,2.4166666666666665,22.916666666666668,7.5,31.291666666666668,18.375,22.25,24.583333333333332,0.5337500000000001,0.1895833333333333,株洲
47.875,37.583333333333336,21.5,62.333333333333336,33.541666666666664,9.875,2.875,32.875,11.208333333333334,47.333333333333336,22.958333333333332,36.208333333333336,36.5,0.5150000000000001,0.2945833333333333,湖州
62.875,48.916666666666664,24.416666666666668,51.625,26.041666666666668,4.75,2.25,25.083333333333332,9.208333333333334,34.208333333333336,21.541666666666668,24.25,27.208333333333332,0.4808333333333334,0.17208333333333328,湘潭
45.958333333333336,36.25,14.041666666666666,56.541666666666664,18.708333333333332,4.166666666666667,1.25,35.5,7.083333333333333,61.166666666666664,23.75,42.125,46.0,0.5354166666666667,0.11208333333333331,绵阳
46.791666666666664,37.041666666666664,20.833333333333332,50.25,24.125,9.916666666666666,3.3333333333333335,21.0,6.916666666666667,33.875,18.416666666666668,23.0,24.958333333333332,0.435,0.155,衡阳
86.875,69.125,27.583333333333332,75.58333333333333,28.583333333333332,7.041666666666667,2.4583333333333335,28.083333333333332,9.166666666666666,49.541666666666664,24.333333333333332,36.125,33.125,0.6116666666666667,0.24874999999999994,襄阳
30.958333333333332,23.166666666666668,11.25,40.583333333333336,16.041666666666668,11.583333333333334,3.0,28.291666666666668,7.916666666666667,68.04166666666667,35.208333333333336,46.416666666666664,43.458333333333336,0.36749999999999994,0.13416666666666666,赣州
32.375,23.25,8.583333333333334,36.791666666666664,12.916666666666666,20.125,6.916666666666667,19.875,5.375,26.375,17.125,20.0,18.541666666666668,0.4520833333333334,0.16916666666666672,遵义
34.5,26.916666666666668,14.791666666666666,33.791666666666664,18.125,11.958333333333334,4.5,16.125,5.041666666666667,35.625,24.208333333333332,27.958333333333332,27.625,0.37250000000000005,0.18666666666666665,郴州
24.916666666666668,21.791666666666668,3.125,28.75,5.041666666666667,3.75,0.8333333333333334,21.5,2.2083333333333335,36.708333333333336,6.875,19.583333333333332,15.666666666666666,0.3520833333333333,0.05416666666666666,丽江
43.875,35.25,19.75,60.708333333333336,32.75,13.458333333333334,2.0833333333333335,25.958333333333332,10.041666666666666,51.5,39.666666666666664,30.166666666666668,31.083333333333332,0.4437500000000001,0.15833333333333333,义乌
54.0,42.958333333333336,17.666666666666668,49.625,21.958333333333332,7.5,1.75,34.333333333333336,7.416666666666667,52.25,24.833333333333332,37.833333333333336,39.833333333333336,0.4254166666666667,0.11291666666666667,乐山
38.333333333333336,30.083333333333332,10.5,42.833333333333336,13.291666666666666,16.416666666666668,4.541666666666667,20.041666666666668,5.5,41.625,15.75,30.958333333333332,27.083333333333332,0.8300000000000001,0.23458333333333328,六盘水
46.166666666666664,37.083333333333336,16.416666666666668,55.0,20.75,6.5,1.375,35.25,7.333333333333333,42.041666666666664,20.833333333333332,29.25,31.333333333333332,0.4625000000000001,0.12708333333333333,南充
27.75,23.125,12.583333333333334,37.583333333333336,17.375,11.25,3.9583333333333335,22.333333333333332,6.458333333333333,42.666666666666664,22.125,30.833333333333332,31.041666666666668,0.4629166666666667,0.18416666666666667,吉安
16.291666666666668,15.375,2.7916666666666665,27.208333333333332,3.7916666666666665,7.0,0.875,19.0,3.4583333333333335,37.5,8.541666666666666,21.291666666666668,16.916666666666668,0.2854166666666667,0.1083333333333333,大理
47.583333333333336,36.958333333333336,18.875,49.375,25.291666666666668,5.833333333333333,1.6666666666666667,15.375,4.125,33.833333333333336,22.0,25.916666666666668,27.833333333333332,1.5604166666666666,0.33749999999999997,娄底
43.208333333333336,33.791666666666664,10.75,39.875,12.375,19.25,5.25,14.166666666666666,4.875,37.208333333333336,20.833333333333332,29.125,29.041666666666668,0.30875,0.1825,安顺
54.958333333333336,43.416666666666664,16.833333333333332,49.041666666666664,18.708333333333332,6.791666666666667,2.4166666666666665,29.75,6.75,51.708333333333336,19.208333333333332,36.833333333333336,34.791666666666664,0.34583333333333327,0.09624999999999999,宜宾
37.416666666666664,30.166666666666668,12.625,43.333333333333336,16.0,15.75,4.916666666666667,20.0,4.666666666666667,40.666666666666664,20.916666666666668,29.541666666666668,29.166666666666668,0.9683333333333334,0.26166666666666666,宜春
62.416666666666664,48.541666666666664,22.708333333333332,40.5,16.958333333333332,5.916666666666667,1.4583333333333333,17.583333333333332,5.125,39.416666666666664,14.666666666666666,30.708333333333332,26.541666666666668,0.36666666666666675,0.11375,常德
51.25,40.708333333333336,18.25,58.708333333333336,23.0,3.3333333333333335,1.1666666666666667,32.833333333333336,9.166666666666666,51.541666666666664,23.833333333333332,38.166666666666664,40.75,0.42874999999999996,0.12958333333333336,德阳
37.75,29.791666666666668,15.041666666666666,39.583333333333336,19.166666666666668,6.333333333333333,1.7083333333333333,14.0,3.6666666666666665,27.791666666666668,25.333333333333332,21.666666666666668,22.458333333333332,0.35749999999999993,0.15666666666666668,怀化
38.375,30.75,9.541666666666666,45.958333333333336,13.916666666666666,4.416666666666667,0.7916666666666666,24.958333333333332,4.458333333333333,28.375,18.666666666666668,19.75,24.75,0.47083333333333327,0.14375000000000002,恩施
36.041666666666664,30.0,14.416666666666666,39.375,17.833333333333332,11.583333333333334,2.875,17.583333333333332,5.625,41.25,23.083333333333332,31.125,26.041666666666668,0.3575,0.15541666666666668,抚州
31.5,23.25,7.291666666666667,46.75,12.625,14.083333333333334,2.8333333333333335,26.416666666666668,6.666666666666667,63.083333333333336,9.0,43.166666666666664,33.958333333333336,0.7437499999999999,0.24999999999999997,曲靖
63.041666666666664,49.5,12.333333333333334,54.208333333333336,14.791666666666666,19.166666666666668,4.0,20.833333333333332,4.291666666666667,40.583333333333336,19.791666666666668,25.0,20.875,0.4437500000000001,0.11041666666666668,毕节
40.25,32.083333333333336,15.916666666666666,43.166666666666664,20.333333333333332,5.25,1.8333333333333333,16.583333333333332,4.875,36.375,23.666666666666668,28.791666666666668,25.75,0.39874999999999994,0.16374999999999998,永州
53.625,42.208333333333336,18.5,54.583333333333336,21.875,11.541666666666666,3.1666666666666665,28.416666666666668,7.333333333333333,43.583333333333336,24.583333333333332,32.291666666666664,31.041666666666668,0.47625,0.10666666666666669,泸州
50.166666666666664,40.416666666666664,13.125,59.25,16.791666666666668,9.416666666666666,2.375,42.0,7.208333333333333,52.958333333333336,27.708333333333332,38.166666666666664,43.291666666666664,0.51125,0.1125,眉山
34.125,27.5,15.5,37.25,20.75,6.791666666666667,1.9166666666666667,28.5,8.375,39.666666666666664,23.708333333333332,27.583333333333332,28.583333333333332,0.3858333333333334,0.14333333333333334,衢州
49.041666666666664,38.875,20.791666666666668,47.083333333333336,20.791666666666668,7.041666666666667,2.0833333333333335,17.166666666666668,4.375,38.25,22.791666666666668,27.208333333333332,27.666666666666668,0.3933333333333333,0.13291666666666666,邵阳
38.208333333333336,29.333333333333332,16.25,34.708333333333336,18.083333333333332,1.5416666666666667,0.6666666666666666,17.416666666666668,4.041666666666667,33.958333333333336,16.75,23.541666666666668,22.25,0.30624999999999997,0.09791666666666664,铜仁
51.125,40.833333333333336,19.791666666666668,39.666666666666664,16.25,33.458333333333336,11.208333333333334,21.75,6.958333333333333,42.375,29.083333333333332,32.625,34.375,0.4325000000000001,0.15916666666666668,鹰潭
35.0,27.708333333333332,11.875,31.833333333333332,13.708333333333334,21.375,5.458333333333333,20.583333333333332,4.791666666666667,28.208333333333332,15.041666666666666,19.916666666666668,18.416666666666668,0.32083333333333336,0.15208333333333338,黔东南
33.458333333333336,25.583333333333332,12.458333333333334,34.833333333333336,16.0,6.708333333333333,1.9166666666666667,16.833333333333332,4.125,35.041666666666664,17.291666666666668,24.208333333333332,22.291666666666668,0.3166666666666667,0.12916666666666674,黔南
30.708333333333332,27.291666666666668,6.291666666666667,34.958333333333336,7.75,3.6666666666666665,0.875,23.666666666666668,4.708333333333333,52.458333333333336,18.291666666666668,37.791666666666664,31.75,0.5041666666666665,0.13333333333333333,黔西南
55.333333333333336,43.875,15.333333333333334,57.125,18.625,10.166666666666666,2.5,29.875,6.875,57.166666666666664,23.666666666666668,42.166666666666664,35.625,0.42124999999999996,0.12375000000000001,内江
45.791666666666664,37.291666666666664,15.5,50.166666666666664,19.041666666666668,11.875,3.125,25.916666666666668,6.083333333333333,68.79166666666667,13.041666666666666,50.791666666666664,41.666666666666664,0.6066666666666666,0.13083333333333333,凉山
63.75,49.916666666666664,13.458333333333334,74.625,18.166666666666668,2.6666666666666665,0.7916666666666666,29.958333333333332,4.541666666666667,41.25,24.125,28.0,33.833333333333336,0.62875,0.1491666666666667,巴中
49.125,38.791666666666664,18.708333333333332,60.0,24.333333333333332,4.416666666666667,0.8333333333333334,27.916666666666668,6.166666666666667,39.875,22.791666666666668,28.083333333333332,28.625,0.5529166666666667,0.12833333333333333,广安
44.875,35.041666666666664,15.208333333333334,38.625,17.458333333333332,1.4166666666666667,0.2916666666666667,13.75,2.9583333333333335,27.958333333333332,10.75,19.541666666666668,16.791666666666668,0.3458333333333334,0.13749999999999998,张家界
48.333333333333336,34.833333333333336,6.083333333333333,65.375,12.416666666666666,2.875,0.625,24.458333333333332,4.791666666666667,62.666666666666664,17.75,41.166666666666664,41.333333333333336,0.5145833333333332,0.08958333333333333,怒江
54.375,44.333333333333336,11.458333333333334,68.66666666666667,16.25,59.458333333333336,8.875,45.833333333333336,8.458333333333334,72.0,10.666666666666666,50.666666666666664,45.708333333333336,3.2808333333333324,0.4945833333333334,攀枝花
42.708333333333336,37.625,6.166666666666667,46.333333333333336,8.416666666666666,7.791666666666667,1.125,13.416666666666666,1.875,48.0,7.875,33.041666666666664,26.583333333333332,0.3958333333333333,0.08333333333333333,文山
26.166666666666668,22.25,11.25,36.791666666666664,16.666666666666668,28.416666666666668,7.25,25.208333333333332,5.708333333333333,41.916666666666664,22.0,29.0,30.083333333333332,0.5654166666666667,0.1979166666666667,新余
51.083333333333336,34.916666666666664,9.208333333333334,75.54166666666667,17.083333333333332,20.958333333333332,4.833333333333333,25.333333333333332,6.291666666666667,49.958333333333336,11.791666666666666,33.041666666666664,32.0,0.6708333333333333,0.21250000000000005,昭通
38.833333333333336,32.875,4.625,53.416666666666664,6.666666666666667,21.166666666666668,2.3333333333333335,47.583333333333336,4.958333333333333,75.91666666666667,7.916666666666667,66.70833333333333,59.916666666666664,0.74375,0.09791666666666667,楚雄
56.416666666666664,42.958333333333336,16.708333333333332,62.041666666666664,24.083333333333332,2.9583333333333335,1.0833333333333333,25.708333333333332,6.833333333333333,43.458333333333336,21.041666666666668,34.625,31.041666666666668,0.45625000000000004,0.16666666666666666,河池
38.666666666666664,29.875,13.166666666666666,42.5,17.75,3.875,0.7916666666666666,20.791666666666668,4.416666666666667,38.083333333333336,15.041666666666666,26.5,25.5,0.6479166666666667,0.20833333333333334,湘西
55.75,43.375,20.875,54.583333333333336,25.625,9.041666666666666,2.0833333333333335,38.291666666666664,7.416666666666667,54.458333333333336,28.708333333333332,38.083333333333336,38.458333333333336,0.43333333333333335,0.11333333333333334,自贡
67.45833333333333,54.791666666666664,19.125,70.5,24.875,15.666666666666666,6.541666666666667,21.75,6.583333333333333,35.166666666666664,23.875,25.666666666666668,26.333333333333332,1.7004166666666662,0.4845833333333334,萍乡
53.875,44.416666666666664,16.458333333333332,56.666666666666664,21.166666666666668,5.916666666666667,2.125,32.875,8.625,63.333333333333336,24.083333333333332,46.833333333333336,45.833333333333336,0.3983333333333334,0.11624999999999998,资阳
58.708333333333336,45.458333333333336,18.833333333333332,77.33333333333333,25.75,10.083333333333334,2.3333333333333335,36.916666666666664,7.083333333333333,29.125,18.291666666666668,18.833333333333332,22.375,0.7191666666666667,0.21666666666666667,达州
39.083333333333336,30.5,14.75,53.125,20.541666666666668,5.0,1.5,29.25,5.625,53.291666666666664,26.041666666666668,37.791666666666664,40.458333333333336,0.38583333333333325,0.1125,遂宁
47.0,36.875,19.291666666666668,48.0,24.75,2.0833333333333335,0.625,27.583333333333332,6.0,41.083333333333336,17.833333333333332,27.541666666666668,27.958333333333332,0.3229166666666667,0.10208333333333335,雅安
66.95833333333333,54.708333333333336,15.875,64.41666666666667,19.416666666666668,29.291666666666668,6.541666666666667,53.458333333333336,16.125,55.25,19.958333333333332,39.125,38.458333333333336,1.8124999999999998,0.4916666666666667,乌兰察布
104.75,83.875,21.583333333333332,93.83333333333333,23.458333333333332,22.666666666666668,3.2916666666666665,37.916666666666664,9.083333333333334,52.166666666666664,6.291666666666667,32.541666666666664,24.666666666666668,1.1337499999999998,0.29458333333333325,兴安盟
149.125,135.5,53.791666666666664,152.625,61.0,63.5,16.833333333333332,61.041666666666664,19.166666666666668,46.0,15.166666666666666,31.875,33.75,2.584583333333333,0.8600000000000003,包头
163.0,146.16666666666666,54.0,152.29166666666666,58.708333333333336,25.458333333333332,6.041666666666667,49.708333333333336,10.75,43.5,17.583333333333332,30.75,34.041666666666664,2.4766666666666666,0.5974999999999999,呼和浩特
71.375,59.958333333333336,18.208333333333332,102.25,30.166666666666668,49.916666666666664,12.916666666666666,41.916666666666664,11.291666666666666,47.541666666666664,10.0,30.291666666666668,26.875,1.5008333333333335,0.4362500000000001,赤峰
68.95833333333333,54.25,23.458333333333332,85.54166666666667,30.0,19.833333333333332,6.0,37.5,9.416666666666666,56.458333333333336,14.333333333333334,35.125,33.625,0.7875,0.2591666666666667,鄂尔多斯
20.666666666666668,17.416666666666668,5.083333333333333,25.375,8.25,47.916666666666664,12.416666666666666,21.375,5.625,24.125,7.541666666666667,14.625,11.625,0.29583333333333345,0.09375000000000001,锡林郭勒盟
107.5,90.83333333333333,52.916666666666664,103.45833333333333,50.833333333333336,11.75,5.083333333333333,42.458333333333336,19.958333333333332,41.833333333333336,16.625,30.125,33.333333333333336,1.1879166666666665,0.6083333333333333,天津
83.54166666666667,73.25,45.875,76.83333333333333,44.708333333333336,8.5,2.6666666666666665,31.083333333333332,9.875,36.916666666666664,21.916666666666668,27.5,32.416666666666664,0.6495833333333333,0.35083333333333333,西安
107.33333333333333,94.625,47.75,94.45833333333333,46.291666666666664,7.75,2.6666666666666665,34.541666666666664,13.25,48.458333333333336,24.25,33.666666666666664,34.541666666666664,0.8670833333333334,0.39083333333333337,郑州
108.79166666666667,91.5,48.125,118.5,61.75,10.708333333333334,4.708333333333333,46.041666666666664,18.541666666666668,52.125,14.166666666666666,36.125,33.583333333333336,0.9216666666666667,0.4495833333333334,青岛
60.416666666666664,49.0,25.208333333333332,57.458333333333336,24.0,6.333333333333333,2.4166666666666665,36.833333333333336,15.208333333333334,40.833333333333336,17.083333333333332,29.958333333333332,31.333333333333332,0.6766666666666666,0.3529166666666666,北京
103.91666666666667,87.41666666666667,41.25,111.29166666666667,49.416666666666664,24.375,7.416666666666667,38.125,11.25,53.458333333333336,17.0,35.958333333333336,36.791666666666664,1.0879166666666669,0.37125,济南
86.91666666666667,72.125,43.458333333333336,92.375,51.666666666666664,11.791666666666666,3.625,33.666666666666664,14.875,47.833333333333336,12.416666666666666,30.5,27.458333333333332,0.9229166666666665,0.47541666666666665,烟台
111.04166666666667,98.45833333333333,49.25,131.83333333333334,66.33333333333333,14.166666666666666,5.625,43.5,15.125,34.833333333333336,15.5,24.666666666666668,26.5,1.625416666666667,0.8312500000000002,石家庄
107.625,93.25,42.75,105.5,50.833333333333336,30.666666666666668,7.125,40.958333333333336,13.208333333333334,58.375,17.0,43.0,36.708333333333336,1.2154166666666668,0.3575000000000001,临沂
126.08333333333333,110.91666666666667,51.833333333333336,136.29166666666666,63.125,20.791666666666668,6.166666666666667,43.333333333333336,13.625,43.208333333333336,18.416666666666668,29.833333333333332,33.0,1.441666666666667,0.7279166666666667,保定
94.70833333333333,77.54166666666667,34.166666666666664,95.79166666666667,40.5,5.083333333333333,1.6666666666666667,28.625,9.208333333333334,49.833333333333336,16.916666666666668,35.125,31.0,0.6254166666666666,0.23750000000000013,南阳
103.04166666666667,91.41666666666667,54.375,107.54166666666667,53.75,8.208333333333334,3.0,37.583333333333336,11.875,44.291666666666664,23.166666666666668,34.125,35.416666666666664,0.8041666666666666,0.4008333333333332,咸阳
118.08333333333333,100.58333333333333,47.291666666666664,140.45833333333334,60.375,43.041666666666664,14.833333333333334,49.583333333333336,14.708333333333334,44.458333333333336,15.166666666666666,29.166666666666668,32.916666666666664,2.825416666666667,0.8741666666666666,唐山
114.20833333333333,98.66666666666667,46.708333333333336,105.125,46.166666666666664,6.083333333333333,2.0416666666666665,35.375,8.458333333333334,55.666666666666664,19.75,39.791666666666664,37.875,0.8249999999999998,0.31083333333333335,商丘
73.41666666666667,60.333333333333336,34.75,74.95833333333333,41.0,5.916666666666667,2.5416666666666665,26.125,12.208333333333334,39.458333333333336,9.083333333333334,25.541666666666668,18.5,0.6737500000000001,0.35791666666666666,威海
95.5,81.91666666666667,34.333333333333336,111.375,47.583333333333336,11.125,5.208333333333333,47.458333333333336,17.958333333333332,45.208333333333336,16.25,31.458333333333332,32.333333333333336,1.2170833333333333,0.55125,廊坊
118.70833333333333,102.08333333333333,48.708333333333336,123.75,59.083333333333336,11.75,4.583333333333333,40.541666666666664,13.166666666666666,46.541666666666664,21.791666666666668,32.416666666666664,35.75,1.4520833333333334,0.6345833333333333,新乡
134.16666666666666,113.125,57.958333333333336,142.0,73.45833333333333,17.916666666666668,7.041666666666667,51.291666666666664,16.291666666666668,52.208333333333336,16.75,36.791666666666664,35.875,1.5854166666666663,0.6558333333333333,沧州
105.66666666666667,89.54166666666667,41.083333333333336,112.25,44.25,23.833333333333332,6.708333333333333,36.166666666666664,11.0,57.416666666666664,15.583333333333334,38.666666666666664,37.333333333333336,1.3783333333333336,0.4108333333333332,泰安
85.83333333333333,71.875,37.416666666666664,90.625,43.875,8.166666666666666,3.0,31.75,9.458333333333334,39.958333333333336,15.5,29.0,29.083333333333332,0.76625,0.3195833333333334,洛阳
115.58333333333333,96.5,42.625,110.16666666666667,42.291666666666664,14.333333333333334,4.708333333333333,44.916666666666664,12.875,58.958333333333336,20.25,44.416666666666664,43.625,0.9520833333333334,0.32500000000000007,济宁
109.125,94.83333333333333,49.958333333333336,120.375,56.125,25.625,9.541666666666666,41.416666666666664,12.5,59.208333333333336,18.375,42.208333333333336,45.625,1.6187499999999997,0.5470833333333334,淄博
121.375,105.91666666666667,62.75,136.20833333333334,75.33333333333333,24.083333333333332,8.875,46.875,17.625,54.125,14.958333333333334,41.666666666666664,44.375,1.4445833333333338,0.6175,潍坊
81.625,70.58333333333333,31.375,91.08333333333333,41.541666666666664,27.875,8.125,42.75,14.958333333333334,48.5,12.75,37.416666666666664,39.541666666666664,1.7208333333333332,0.725,秦皇岛
87.125,71.58333333333333,38.458333333333336,80.54166666666667,39.666666666666664,15.708333333333334,4.625,39.541666666666664,12.166666666666666,55.375,14.333333333333334,38.458333333333336,32.625,0.9083333333333332,0.32708333333333334,连云港
126.20833333333333,115.20833333333333,62.416666666666664,137.20833333333334,78.41666666666667,28.833333333333332,10.25,35.75,13.166666666666666,40.125,17.541666666666668,28.75,31.041666666666668,1.5808333333333333,0.7008333333333333,邯郸
161.83333333333334,141.20833333333334,53.208333333333336,172.04166666666666,61.708333333333336,42.833333333333336,8.958333333333334,42.541666666666664,15.458333333333334,44.875,12.625,32.75,28.75,2.3304166666666672,0.923333333333333,鞍山
114.83333333333333,99.16666666666667,54.625,123.16666666666667,64.91666666666667,30.375,7.666666666666667,48.25,16.041666666666668,62.416666666666664,18.208333333333332,44.833333333333336,44.291666666666664,1.02,0.42750000000000005,东营
120.5,108.83333333333333,51.291666666666664,138.08333333333334,60.75,76.83333333333333,30.0,44.75,13.416666666666666,50.208333333333336,23.0,35.416666666666664,40.75,1.4904166666666672,0.6324999999999998,临汾
110.54166666666667,93.41666666666667,36.75,110.625,47.541666666666664,6.75,2.3333333333333335,28.375,9.5,59.25,19.625,45.208333333333336,42.125,0.8020833333333334,0.35833333333333334,亳州
122.58333333333333,105.66666666666667,50.0,134.375,61.208333333333336,25.916666666666668,8.583333333333334,45.708333333333336,17.083333333333332,53.958333333333336,10.583333333333334,37.333333333333336,33.208333333333336,1.8020833333333333,0.63125,即墨
110.41666666666667,93.08333333333333,38.666666666666664,93.125,39.625,6.458333333333333,2.1666666666666665,27.708333333333332,9.958333333333334,53.5,25.916666666666668,40.458333333333336,37.875,0.7462499999999999,0.3266666666666666,周口
86.70833333333333,72.58333333333333,27.0,122.58333333333333,44.0,64.625,17.625,50.166666666666664,12.958333333333334,48.625,14.541666666666666,31.75,31.416666666666668,3.43125,0.9116666666666667,大同
144.04166666666666,137.54166666666666,76.625,149.75,78.5,15.375,5.541666666666667,39.333333333333336,13.583333333333334,44.958333333333336,24.958333333333332,34.75,39.875,1.95,0.8391666666666667,安阳
116.625,97.08333333333333,44.291666666666664,94.79166666666667,46.375,9.041666666666666,2.4166666666666665,32.75,7.5,49.375,24.125,35.625,39.083333333333336,0.68125,0.27958333333333335,宝鸡
121.58333333333333,105.29166666666667,59.125,145.79166666666666,75.125,43.541666666666664,12.041666666666666,41.541666666666664,13.041666666666666,47.458333333333336,12.833333333333334,33.458333333333336,34.791666666666664,1.6291666666666664,0.6562499999999999,寿光
91.5,78.79166666666667,34.625,94.625,43.458333333333336,8.625,2.5833333333333335,29.875,10.416666666666666,51.333333333333336,25.208333333333332,37.083333333333336,37.75,0.6958333333333334,0.29916666666666664,平顶山
134.91666666666666,117.875,51.458333333333336,120.20833333333333,44.916666666666664,11.791666666666666,3.4583333333333335,40.041666666666664,10.958333333333334,54.791666666666664,19.625,40.833333333333336,39.333333333333336,0.9300000000000003,0.375,开封
51.75,40.125,12.833333333333334,66.04166666666667,20.125,39.5,6.583333333333333,45.666666666666664,11.125,41.041666666666664,9.916666666666666,27.083333333333332,11.0,0.8908333333333335,0.27791666666666665,张家口
138.0,120.45833333333333,58.041666666666664,150.79166666666666,69.125,16.166666666666668,5.791666666666667,42.375,11.958333333333334,51.75,18.5,36.375,37.833333333333336,1.3270833333333334,0.55,德州
46.791666666666664,39.75,16.583333333333332,66.66666666666667,25.833333333333332,35.583333333333336,7.583333333333333,39.125,9.708333333333334,48.541666666666664,14.833333333333334,32.458333333333336,32.958333333333336,1.2250000000000003,0.4704166666666667,承德
96.66666666666667,82.125,42.625,106.5,53.958333333333336,12.666666666666666,4.791666666666667,39.875,13.958333333333334,61.666666666666664,16.541666666666668,42.625,39.666666666666664,0.8733333333333334,0.40624999999999983,日照
110.875,91.33333333333333,36.125,130.08333333333334,45.5,54.583333333333336,16.083333333333332,49.708333333333336,15.166666666666666,51.25,12.875,35.083333333333336,34.083333333333336,1.3245833333333332,0.47208333333333335,晋中
98.08333333333333,80.70833333333333,37.083333333333336,102.75,44.291666666666664,16.333333333333332,4.416666666666667,32.958333333333336,8.916666666666666,56.208333333333336,14.375,41.625,38.041666666666664,0.7933333333333334,0.25583333333333336,枣庄
96.20833333333333,76.08333333333333,26.375,94.58333333333333,30.291666666666668,27.0,5.666666666666667,60.625,15.291666666666666,67.95833333333333,13.125,45.833333333333336,42.666666666666664,1.8591666666666662,0.4208333333333334,榆林
95.5,83.25,45.333333333333336,105.41666666666667,49.583333333333336,12.583333333333334,3.875,39.541666666666664,8.625,46.875,23.541666666666668,33.666666666666664,38.041666666666664,0.9575000000000001,0.42250000000000004,渭南
119.5,102.0,54.708333333333336,121.16666666666667,58.833333333333336,27.166666666666668,7.25,53.416666666666664,15.5,60.041666666666664,16.875,41.916666666666664,43.416666666666664,1.1854166666666666,0.5075000000000001,滨州
99.95833333333333,86.45833333333333,45.458333333333336,110.41666666666667,58.208333333333336,14.25,4.75,32.75,12.791666666666666,39.25,18.375,29.0,30.583333333333332,1.106666666666667,0.5329166666666667,焦作
143.83333333333334,124.0,35.416666666666664,104.95833333333333,32.833333333333336,50.416666666666664,11.958333333333334,52.708333333333336,15.541666666666666,53.958333333333336,10.833333333333334,39.458333333333336,40.666666666666664,1.7645833333333332,0.5529166666666667,盘锦
124.45833333333333,108.41666666666667,45.875,130.0,52.791666666666664,15.791666666666666,6.541666666666667,48.208333333333336,15.583333333333334,55.708333333333336,20.208333333333332,39.208333333333336,41.625,1.238333333333333,0.5504166666666667,聊城
117.04166666666667,102.75,51.333333333333336,120.58333333333333,62.625,11.916666666666666,4.875,47.25,16.25,56.041666666666664,14.666666666666666,35.583333333333336,33.625,0.9291666666666667,0.4375,胶南
125.0,106.79166666666667,42.083333333333336,133.41666666666666,52.291666666666664,15.5,4.0,41.0,9.416666666666666,56.666666666666664,14.666666666666666,39.791666666666664,38.541666666666664,1.04625,0.3383333333333332,菏泽
161.70833333333334,134.45833333333334,43.0,158.58333333333334,49.291666666666664,33.708333333333336,9.041666666666666,48.875,14.583333333333334,53.375,9.208333333333334,40.625,39.375,2.455833333333334,0.7837500000000001,营口
98.04166666666667,83.29166666666667,36.291666666666664,83.95833333333333,34.166666666666664,5.666666666666667,1.9583333333333333,30.291666666666668,9.5,54.583333333333336,25.208333333333332,41.041666666666664,41.25,0.76625,0.3466666666666667,许昌
71.375,59.958333333333336,18.208333333333332,102.25,30.166666666666668,49.916666666666664,12.916666666666666,41.916666666666664,11.291666666666666,47.541666666666664,10.0,30.291666666666668,26.875,1.5008333333333335,0.4362500000000001,赤峰
113.08333333333333,98.20833333333333,51.5,114.20833333333333,56.208333333333336,26.041666666666668,10.333333333333334,37.416666666666664,12.541666666666666,57.708333333333336,20.5,41.416666666666664,38.375,1.5487500000000003,0.7299999999999999,运城
122.16666666666667,107.66666666666667,53.0,134.54166666666666,68.45833333333333,24.083333333333332,8.25,40.416666666666664,14.541666666666666,40.375,21.583333333333332,28.375,32.625,1.8308333333333335,0.8716666666666667,邢台
163.95833333333334,150.70833333333334,44.083333333333336,168.20833333333334,48.541666666666664,71.04166666666667,14.833333333333334,45.291666666666664,13.541666666666666,49.75,15.625,35.083333333333336,38.125,1.814166666666667,0.49791666666666673,锦州
79.125,65.45833333333333,30.333333333333332,84.54166666666667,38.708333333333336,6.25,1.7916666666666667,29.041666666666668,10.333333333333334,50.791666666666664,22.708333333333332,38.166666666666664,37.75,0.7583333333333334,0.3,驻马店
99.54166666666667,84.66666666666667,41.041666666666664,97.45833333333333,37.625,9.416666666666666,3.4583333333333335,38.25,10.041666666666666,49.458333333333336,16.291666666666668,34.625,34.916666666666664,0.8695833333333333,0.2891666666666666,三门峡
106.54166666666667,87.58333333333333,18.541666666666668,127.83333333333333,27.25,15.916666666666666,4.125,39.833333333333336,6.833333333333333,79.66666666666667,15.125,56.041666666666664,57.75,1.9833333333333332,0.40625000000000006,临夏
75.79166666666667,64.25,27.125,103.25,41.166666666666664,15.041666666666666,2.5,34.583333333333336,11.416666666666666,61.125,15.208333333333334,39.625,37.291666666666664,1.3499999999999999,0.47083333333333327,乳山
56.833333333333336,46.666666666666664,17.041666666666668,92.95833333333333,25.958333333333332,34.625,8.541666666666666,43.583333333333336,10.125,53.125,23.0,36.166666666666664,40.708333333333336,0.8170833333333335,0.2729166666666666,吕梁
64.58333333333333,52.5,22.875,57.166666666666664,21.541666666666668,52.125,15.541666666666666,31.083333333333332,7.291666666666667,59.25,24.541666666666668,40.625,37.833333333333336,0.7541666666666668,0.25,商洛
68.0,54.416666666666664,17.0,60.625,14.916666666666666,13.0,2.75,39.875,9.291666666666666,57.916666666666664,10.791666666666666,41.125,38.083333333333336,1.1645833333333335,0.2958333333333334,固原
69.04166666666667,55.916666666666664,21.125,77.54166666666667,26.5,19.875,3.6666666666666665,43.416666666666664,9.75,61.541666666666664,17.791666666666668,44.083333333333336,40.791666666666664,1.0895833333333333,0.30208333333333337,天水
68.95833333333333,55.208333333333336,21.25,85.29166666666667,24.208333333333332,8.125,1.8333333333333333,35.0,7.375,45.083333333333336,20.166666666666668,32.458333333333336,32.916666666666664,0.7687500000000002,0.1708333333333333,安康
79.875,66.16666666666667,16.625,90.29166666666667,24.083333333333332,35.0,6.625,42.208333333333336,8.291666666666666,57.75,10.333333333333334,42.041666666666664,37.875,1.1125,0.29375,定西
47.5,41.333333333333336,15.583333333333334,62.041666666666664,21.541666666666668,20.625,4.125,42.25,11.416666666666666,63.291666666666664,13.208333333333334,47.291666666666664,41.166666666666664,0.9416666666666665,0.2645833333333333,平凉
73.75,57.541666666666664,20.708333333333332,77.875,24.375,25.166666666666668,4.5,28.916666666666668,6.416666666666667,40.333333333333336,11.041666666666666,25.875,19.166666666666668,0.9145833333333333,0.275,庆阳
80.95833333333333,65.33333333333333,20.166666666666668,83.08333333333333,21.75,17.541666666666668,3.3333333333333335,54.25,10.541666666666666,67.79166666666667,18.916666666666668,45.916666666666664,49.541666666666664,1.9483333333333335,0.36499999999999994,延安
120.54166666666667,104.125,42.375,104.5,40.875,44.75,11.625,43.083333333333336,11.75,45.0,21.0,29.791666666666668,35.375,0.9958333333333332,0.35624999999999996,忻州
70.0,57.916666666666664,29.75,84.625,40.291666666666664,7.333333333333333,2.5,33.333333333333336,13.208333333333334,51.958333333333336,15.958333333333334,33.083333333333336,27.583333333333332,0.9583333333333331,0.4249999999999999,文登
129.54166666666666,114.66666666666667,41.333333333333336,150.66666666666666,48.208333333333336,29.208333333333332,11.291666666666666,40.666666666666664,13.291666666666666,65.125,17.958333333333332,48.583333333333336,38.916666666666664,2.4200000000000004,0.7758333333333334,晋城
141.08333333333334,119.45833333333333,40.375,171.45833333333334,56.333333333333336,88.45833333333333,24.916666666666668,40.875,11.833333333333334,51.583333333333336,17.666666666666668,37.125,40.833333333333336,1.2091666666666665,0.395,朔州
145.95833333333334,127.04166666666667,30.958333333333332,146.25,38.625,57.708333333333336,10.708333333333334,39.833333333333336,9.291666666666666,52.833333333333336,9.75,37.833333333333336,37.708333333333336,1.7750000000000001,0.5237500000000002,朝阳
119.83333333333333,98.25,29.791666666666668,111.0,33.458333333333336,18.708333333333332,4.958333333333333,31.958333333333332,6.791666666666667,44.958333333333336,23.375,31.458333333333332,34.208333333333336,1.2258333333333333,0.35374999999999995,汉中
99.95833333333333,83.33333333333333,38.791666666666664,109.875,46.791666666666664,8.416666666666666,3.0,35.875,12.791666666666666,54.708333333333336,22.708333333333332,38.583333333333336,35.5,0.8916666666666666,0.38333333333333336,淮北
105.33333333333333,89.79166666666667,42.0,88.83333333333333,42.875,5.041666666666667,1.75,33.916666666666664,10.208333333333334,51.666666666666664,26.791666666666668,36.791666666666664,36.041666666666664,0.7320833333333335,0.34,漯河
122.875,108.70833333333333,57.0,115.5,51.291666666666664,13.916666666666666,3.6666666666666665,38.166666666666664,10.291666666666666,59.208333333333336,21.75,41.666666666666664,43.125,1.1566666666666665,0.3858333333333334,濮阳
72.79166666666667,57.583333333333336,23.083333333333332,82.29166666666667,27.875,188.25,46.625,33.333333333333336,11.666666666666666,48.916666666666664,10.333333333333334,32.541666666666664,26.541666666666668,0.9770833333333332,0.3354166666666667,白银
116.83333333333333,99.79166666666667,44.875,123.875,54.833333333333336,18.833333333333332,7.791666666666667,41.875,10.958333333333334,58.416666666666664,30.083333333333332,38.541666666666664,43.208333333333336,1.5624999999999998,0.49791666666666673,章丘
60.875,50.75,24.333333333333332,72.45833333333333,33.958333333333336,6.375,2.5416666666666665,22.666666666666668,10.0,34.75,9.833333333333334,23.958333333333332,18.166666666666668,0.7499999999999999,0.3645833333333333,荣成
113.95833333333333,97.0,52.416666666666664,118.04166666666667,63.958333333333336,27.25,8.0,39.583333333333336,14.041666666666666,61.125,17.625,41.583333333333336,39.875,1.6499999999999997,0.6083333333333334,莱西
154.875,135.625,46.958333333333336,162.79166666666666,53.958333333333336,116.16666666666667,22.791666666666668,43.25,15.0,48.166666666666664,12.416666666666666,36.166666666666664,37.5,1.7958333333333334,0.5770833333333334,葫芦岛
128.20833333333334,109.45833333333333,56.75,136.0,68.0,14.25,5.25,42.0,12.708333333333334,50.875,19.291666666666668,35.958333333333336,36.125,1.2704166666666667,0.6504166666666668,衡水
106.625,87.04166666666667,35.25,108.25,37.25,20.541666666666668,4.375,36.958333333333336,7.791666666666667,54.25,18.083333333333332,38.083333333333336,40.375,0.9358333333333335,0.37749999999999995,铜川
96.83333333333333,80.375,34.625,101.0,41.541666666666664,36.333333333333336,13.083333333333334,45.625,15.875,63.916666666666664,21.291666666666668,44.75,43.916666666666664,1.5641666666666663,0.5441666666666666,长治
137.125,116.79166666666667,32.583333333333336,130.625,41.333333333333336,64.25,17.375,38.458333333333336,10.5,56.791666666666664,9.833333333333334,41.666666666666664,40.291666666666664,1.4237499999999998,0.3791666666666666,阜新
81.66666666666667,64.91666666666667,27.875,88.16666666666667,33.041666666666664,50.416666666666664,14.958333333333334,42.416666666666664,11.958333333333334,53.916666666666664,17.291666666666668,38.333333333333336,41.125,1.2904166666666665,0.40166666666666667,阳泉
126.45833333333333,112.20833333333333,59.666666666666664,127.125,60.416666666666664,19.791666666666668,6.208333333333333,39.041666666666664,14.041666666666666,41.375,25.208333333333332,32.208333333333336,38.25,1.7770833333333336,0.8108333333333332,鹤壁
131.29166666666666,107.04166666666667,38.291666666666664,129.20833333333334,47.041666666666664,33.833333333333336,10.916666666666666,44.583333333333336,13.666666666666666,43.208333333333336,11.875,30.833333333333332,31.791666666666668,1.6366666666666667,0.5854166666666666,沈阳
150.25,134.70833333333334,63.0,122.04166666666667,59.5,29.708333333333332,7.583333333333333,37.0,13.5,39.875,14.166666666666666,25.125,24.25,0.8808333333333332,0.3720833333333333,哈尔滨
80.41666666666667,65.54166666666667,29.708333333333332,81.20833333333333,36.125,15.083333333333334,4.833333333333333,32.666666666666664,12.916666666666666,41.375,8.541666666666666,27.333333333333332,21.916666666666668,0.8916666666666669,0.37041666666666667,大连
143.5,118.0,42.416666666666664,105.41666666666667,36.541666666666664,25.458333333333332,6.041666666666667,41.458333333333336,11.166666666666666,47.0,10.416666666666666,30.791666666666668,30.583333333333332,0.89125,0.2833333333333334,长春
179.875,150.0,41.416666666666664,161.54166666666666,47.291666666666664,26.75,6.458333333333333,45.25,12.041666666666666,53.458333333333336,11.875,34.625,29.458333333333332,1.2083333333333337,0.31583333333333335,吉林
112.0,91.75,40.166666666666664,109.79166666666667,47.125,27.041666666666668,6.458333333333333,34.041666666666664,10.416666666666666,43.958333333333336,8.208333333333334,25.083333333333332,17.041666666666668,0.79625,0.3216666666666667,大庆
80.29166666666667,68.0,19.333333333333332,62.416666666666664,20.916666666666668,39.541666666666664,8.333333333333334,36.5,8.375,48.458333333333336,7.75,31.25,27.75,1.3299999999999998,0.35541666666666666,丹东
90.5,71.875,26.041666666666668,72.625,26.375,15.291666666666666,2.9583333333333335,29.75,10.166666666666666,43.166666666666664,12.25,27.333333333333332,22.208333333333332,0.7687499999999998,0.2654166666666667,佳木斯
108.58333333333333,85.54166666666667,19.0,104.29166666666667,25.375,26.208333333333332,6.083333333333333,42.916666666666664,11.333333333333334,46.875,10.958333333333334,30.083333333333332,30.541666666666668,1.1312499999999999,0.27375,牡丹江
161.83333333333334,144.95833333333334,61.458333333333336,124.20833333333333,57.083333333333336,31.75,9.125,36.541666666666664,11.208333333333334,53.75,12.958333333333334,34.958333333333336,27.5,0.8291666666666666,0.34166666666666673,绥化
120.83333333333333,99.58333333333333,42.125,125.95833333333333,51.291666666666664,70.95833333333333,14.25,35.291666666666664,11.5,34.833333333333336,6.875,19.791666666666668,13.75,1.15375,0.35083333333333333,齐齐哈尔
156.20833333333334,130.70833333333334,35.833333333333336,152.41666666666666,42.666666666666664,29.833333333333332,5.333333333333333,62.375,14.0,41.416666666666664,8.708333333333334,23.625,15.083333333333334,1.1958333333333335,0.32083333333333336,七台河
78.0,62.041666666666664,22.666666666666668,76.16666666666667,22.75,15.625,4.125,31.041666666666668,6.791666666666667,41.583333333333336,12.041666666666666,26.541666666666668,17.5,0.7041666666666667,0.2104166666666666,伊春
100.66666666666667,82.375,25.583333333333332,108.125,30.666666666666668,17.791666666666668,4.666666666666667,26.75,7.791666666666667,37.75,8.375,25.916666666666668,17.75,0.8324999999999997,0.23833333333333329,双鸭山
43.666666666666664,34.333333333333336,6.75,40.208333333333336,7.791666666666667,6.166666666666667,1.5,26.541666666666668,7.166666666666667,33.291666666666664,5.958333333333333,22.791666666666668,16.708333333333332,0.5583333333333333,0.13125000000000003,呼伦贝尔
140.79166666666666,115.54166666666667,38.041666666666664,170.33333333333334,48.0,28.291666666666668,7.333333333333333,50.458333333333336,11.791666666666666,58.541666666666664,10.958333333333334,40.166666666666664,39.25,1.4725000000000001,0.44375000000000003,四平
65.91666666666667,49.458333333333336,8.625,61.25,12.666666666666666,64.83333333333333,14.0,29.125,6.625,32.458333333333336,6.958333333333333,21.458333333333332,14.708333333333334,1.1541666666666668,0.8624999999999998,大兴安岭
89.79166666666667,72.25,17.125,66.25,17.125,30.458333333333332,6.291666666666667,36.916666666666664,10.916666666666666,42.583333333333336,16.125,26.833333333333332,21.458333333333332,0.7833333333333333,0.19666666666666668,延边
131.16666666666666,106.33333333333333,32.208333333333336,134.08333333333334,40.5,29.125,6.875,40.0,12.25,48.416666666666664,13.375,35.875,35.625,1.414583333333333,0.4491666666666667,抚顺
121.29166666666667,99.75,29.666666666666668,130.375,37.25,46.666666666666664,8.458333333333334,32.166666666666664,9.791666666666666,40.25,12.625,27.75,29.083333333333332,2.3320833333333337,0.7416666666666667,本溪
115.75,93.75,30.625,117.20833333333333,35.791666666666664,20.166666666666668,5.291666666666667,39.0,12.291666666666666,56.416666666666664,12.208333333333334,36.0,28.666666666666668,0.8541666666666669,0.2520833333333334,松原
101.70833333333333,86.125,25.458333333333332,114.20833333333333,36.583333333333336,13.916666666666666,2.8333333333333335,34.541666666666664,8.833333333333334,54.833333333333336,8.875,33.541666666666664,25.166666666666668,0.9729166666666665,0.28125000000000006,白城
67.875,60.25,15.083333333333334,78.95833333333333,19.375,49.833333333333336,6.708333333333333,38.0,8.25,52.166666666666664,10.583333333333334,34.166666666666664,33.083333333333336,1.4604166666666665,0.4270833333333333,白山
141.625,113.08333333333333,26.083333333333332,129.79166666666666,29.625,47.375,8.708333333333334,44.375,8.375,66.58333333333333,11.875,46.875,45.583333333333336,1.4458333333333335,0.3416666666666666,辽源
162.625,137.08333333333334,48.791666666666664,151.16666666666666,55.083333333333336,36.25,9.125,41.958333333333336,14.666666666666666,47.583333333333336,9.708333333333334,34.083333333333336,30.541666666666668,2.3116666666666665,0.81875,辽阳
114.91666666666667,94.625,17.208333333333332,125.0,23.708333333333332,56.083333333333336,9.041666666666666,37.166666666666664,9.041666666666666,47.25,12.791666666666666,31.833333333333332,32.25,2.1645833333333333,0.4812500000000001,通化
118.66666666666667,96.79166666666667,24.416666666666668,117.45833333333333,28.666666666666668,30.416666666666668,7.041666666666667,42.875,10.708333333333334,46.0,8.5,27.125,17.958333333333332,0.9812499999999998,0.2875,通辽
142.45833333333334,117.91666666666667,38.666666666666664,123.91666666666667,41.958333333333336,27.625,7.958333333333333,47.708333333333336,13.875,52.708333333333336,12.75,34.833333333333336,34.291666666666664,1.1033333333333335,0.4133333333333333,铁岭
108.41666666666667,89.83333333333333,26.916666666666668,106.25,25.916666666666668,18.75,5.541666666666667,34.0,9.291666666666666,30.291666666666668,9.166666666666666,17.75,13.583333333333334,1.2674999999999998,0.4191666666666667,鸡西
72.20833333333333,55.958333333333336,15.541666666666666,102.45833333333333,28.041666666666668,13.541666666666666,3.3333333333333335,29.25,9.583333333333334,36.5,6.75,25.625,14.041666666666666,1.06625,0.36624999999999996,鹤岗
80.29166666666667,62.791666666666664,17.208333333333332,80.75,20.458333333333332,30.791666666666668,6.5,32.375,8.541666666666666,37.75,11.375,22.791666666666668,18.166666666666668,0.7687499999999999,0.19791666666666666,黑河
47.5,39.583333333333336,17.875,58.541666666666664,27.083333333333332,24.083333333333332,6.25,56.583333333333336,18.791666666666668,59.833333333333336,18.875,37.666666666666664,35.0,1.2629166666666665,0.54375,兰州
134.83333333333334,116.16666666666667,53.416666666666664,145.04166666666666,62.166666666666664,40.333333333333336,11.916666666666666,44.583333333333336,15.416666666666666,45.416666666666664,16.166666666666668,32.916666666666664,34.0,1.1124999999999998,0.4479166666666669,太原
126.79166666666667,108.375,41.125,122.91666666666667,46.541666666666664,6.291666666666667,1.9583333333333333,35.75,7.708333333333333,25.416666666666668,10.208333333333334,16.083333333333332,19.25,0.9512499999999999,0.2991666666666667,乌鲁木齐
94.91666666666667,78.95833333333333,35.625,109.41666666666667,48.708333333333336,20.916666666666668,6.291666666666667,45.208333333333336,11.0,50.25,14.125,36.708333333333336,37.5,1.4758333333333338,0.5925000000000001,银川
77.625,59.333333333333336,23.208333333333332,90.16666666666667,28.333333333333332,15.166666666666666,5.291666666666667,34.541666666666664,10.75,61.083333333333336,13.416666666666666,39.041666666666664,32.208333333333336,0.6604166666666667,0.26875,中卫
121.45833333333333,93.91666666666667,29.708333333333332,161.91666666666666,44.875,45.25,14.708333333333334,49.166666666666664,12.75,60.416666666666664,21.916666666666668,42.958333333333336,39.0,1.8112499999999996,0.5454166666666667,乌海
173.04166666666666,165.66666666666666,60.333333333333336,243.875,84.25,22.875,5.416666666666667,51.041666666666664,17.083333333333332,46.916666666666664,18.0,33.291666666666664,31.25,1.4916666666666665,0.525,五家渠
135.375,114.16666666666667,31.125,134.875,37.458333333333336,31.916666666666668,5.666666666666667,52.416666666666664,10.666666666666666,48.625,11.75,32.208333333333336,30.375,4.131666666666667,0.99375,伊犁
81.58333333333333,64.79166666666667,15.75,56.25,17.833333333333332,4.0,0.625,47.375,6.041666666666667,43.25,8.875,25.25,24.416666666666668,1.5041666666666667,0.3916666666666666,克孜勒苏
47.458333333333336,37.291666666666664,11.916666666666666,50.666666666666664,16.208333333333332,9.291666666666666,1.8333333333333333,29.166666666666668,6.458333333333333,39.916666666666664,7.166666666666667,23.5,19.833333333333332,0.5241666666666666,0.1533333333333333,克拉玛依
41.75,32.625,10.75,52.083333333333336,17.916666666666668,25.458333333333332,5.375,42.166666666666664,7.666666666666667,45.416666666666664,10.791666666666666,27.833333333333332,24.375,1.8958333333333333,0.45416666666666666,博尔塔拉
83.58333333333333,66.29166666666667,13.5,112.25,20.625,12.583333333333334,2.1666666666666665,39.041666666666664,5.208333333333333,44.666666666666664,9.541666666666666,29.083333333333332,28.25,2.1895833333333337,0.33125000000000004,吐鲁番
107.41666666666667,89.04166666666667,32.416666666666664,101.5,38.416666666666664,25.291666666666668,7.875,44.125,10.958333333333334,53.625,10.458333333333334,36.375,32.916666666666664,1.2433333333333332,0.37541666666666657,吴忠
156.20833333333334,136.75,31.041666666666668,164.95833333333334,29.958333333333332,45.625,6.166666666666667,53.416666666666664,7.5,66.83333333333333,5.75,46.875,40.25,2.5354166666666664,0.35624999999999996,和田
45.416666666666664,38.333333333333336,10.583333333333334,77.41666666666667,16.125,21.5,3.75,44.416666666666664,7.5,51.125,7.75,36.25,37.166666666666664,1.477083333333333,0.31249999999999994,哈密
123.16666666666667,102.70833333333333,20.916666666666668,125.54166666666667,26.041666666666668,11.666666666666666,2.125,59.416666666666664,9.333333333333334,63.833333333333336,10.166666666666666,48.208333333333336,41.333333333333336,3.1374999999999993,0.6195833333333335,喀什
44.708333333333336,29.75,7.041666666666667,73.41666666666667,23.0,48.833333333333336,11.208333333333334,29.75,6.083333333333333,49.125,8.25,29.916666666666668,26.416666666666668,1.1979166666666663,0.2645833333333333,嘉峪关
67.04166666666667,29.666666666666668,8.875,119.66666666666667,18.708333333333332,4.291666666666667,0.4583333333333333,36.375,6.75,39.041666666666664,6.208333333333333,22.75,21.166666666666668,2.1249999999999996,0.3958333333333334,塔城
155.54166666666666,132.95833333333334,42.041666666666664,184.29166666666666,59.375,51.666666666666664,12.458333333333334,46.958333333333336,14.083333333333334,53.666666666666664,12.041666666666666,38.0,34.5,1.8249999999999995,0.47291666666666665,巴彦淖尔
41.166666666666664,31.958333333333332,9.625,69.04166666666667,16.583333333333332,3.0,0.4583333333333333,32.541666666666664,5.541666666666667,45.875,8.5,28.625,27.291666666666668,0.5870833333333333,0.13666666666666666,库尔勒
96.83333333333333,80.0,15.208333333333334,94.08333333333333,18.25,17.666666666666668,3.25,32.0,5.625,67.20833333333333,8.083333333333334,50.083333333333336,43.458333333333336,0.9500000000000001,0.1874999999999999,张掖
123.04166666666667,111.625,38.916666666666664,145.20833333333334,52.416666666666664,23.208333333333332,6.375,44.875,12.708333333333334,42.541666666666664,14.875,27.583333333333332,30.5,1.3375000000000004,0.47083333333333327,昌吉
99.29166666666667,78.83333333333333,16.833333333333332,82.66666666666667,16.708333333333332,18.416666666666668,3.125,43.041666666666664,7.041666666666667,69.29166666666667,9.0,52.041666666666664,45.666666666666664,1.4208333333333334,0.29583333333333334,武威
179.25,159.625,56.875,203.16666666666666,69.29166666666667,71.45833333333333,18.916666666666668,44.041666666666664,9.875,51.458333333333336,18.5,36.125,37.208333333333336,2.431666666666667,0.8366666666666668,石嘴山
119.625,114.91666666666667,37.916666666666664,145.16666666666666,48.583333333333336,35.208333333333336,7.458333333333333,44.583333333333336,10.75,42.916666666666664,14.416666666666666,27.875,28.166666666666668,1.1250000000000002,0.35208333333333336,石河子
52.291666666666664,38.833333333333336,7.583333333333333,85.0,23.0,17.416666666666668,3.25,34.5,6.25,55.666666666666664,5.5,36.958333333333336,30.958333333333332,0.8062499999999999,0.16458333333333336,酒泉
41.958333333333336,36.583333333333336,10.541666666666666,62.083333333333336,15.375,81.79166666666667,15.25,31.208333333333332,6.125,50.333333333333336,7.666666666666667,29.458333333333332,23.5,0.7533333333333334,0.16125000000000006,金昌
76.41666666666667,63.625,12.583333333333334,105.29166666666667,20.125,11.333333333333334,1.9583333333333333,51.5,8.666666666666666,56.541666666666664,12.708333333333334,37.125,31.833333333333332,1.8499999999999999,0.3229166666666667,阿克苏
33.708333333333336,30.041666666666668,6.958333333333333,31.958333333333332,5.833333333333333,28.166666666666668,5.666666666666667,50.541666666666664,10.291666666666666,48.875,11.75,29.0,21.25,0.8041666666666668,0.15000000000000002,阿勒泰
64.58333333333333,51.583333333333336,20.25,68.54166666666667,27.125,9.625,2.125,26.125,4.875,41.875,9.25,23.125,17.833333333333332,0.7875,0.22291666666666674,阿拉善盟
50.25,41.625,18.125,45.666666666666664,18.833333333333332,6.291666666666667,2.5,44.25,11.916666666666666,106.875,36.916666666666664,76.95833333333333,83.70833333333333,0.34166666666666673,0.11958333333333339,东莞
28.541666666666668,23.791666666666668,10.125,44.375,18.458333333333332,3.25,1.2916666666666667,52.25,14.25,93.95833333333333,32.708333333333336,68.83333333333333,78.25,0.4154166666666666,0.12916666666666665,广州
23.541666666666668,20.625,10.166666666666666,31.666666666666668,14.791666666666666,1.2083333333333333,0.375,26.791666666666668,9.0,59.833333333333336,16.583333333333332,42.25,36.416666666666664,0.19208333333333336,0.09000000000000001,深圳
35.416666666666664,26.541666666666668,11.166666666666666,41.75,13.125,4.375,1.625,39.666666666666664,9.25,95.75,41.958333333333336,67.375,68.33333333333333,0.38958333333333334,0.13375000000000004,中山
28.166666666666668,22.125,10.166666666666666,44.625,18.5,4.25,1.3333333333333333,40.333333333333336,12.583333333333334,88.83333333333333,39.791666666666664,65.08333333333333,72.04166666666667,0.3491666666666666,0.13499999999999998,佛山
39.125,30.833333333333332,13.791666666666666,43.25,17.291666666666668,11.541666666666666,3.0833333333333335,25.75,7.333333333333333,45.75,22.333333333333332,34.25,30.416666666666668,0.2995833333333333,0.145,南宁
30.541666666666668,25.958333333333332,11.708333333333334,38.875,12.125,1.875,0.5416666666666666,24.666666666666668,5.5,70.91666666666667,20.708333333333332,49.041666666666664,42.458333333333336,0.26291666666666674,0.1004166666666667,惠州
19.208333333333332,14.458333333333334,4.208333333333333,19.958333333333332,6.666666666666667,1.7083333333333333,0.4583333333333333,12.875,2.5833333333333335,44.0,16.041666666666668,29.25,23.208333333333332,0.21541666666666662,0.09833333333333333,海口
25.375,20.416666666666668,8.208333333333334,33.666666666666664,13.333333333333334,3.25,1.1666666666666667,34.083333333333336,9.333333333333334,61.958333333333336,22.333333333333332,44.416666666666664,44.083333333333336,0.2716666666666667,0.12999999999999998,珠海
15.0,9.416666666666666,3.5833333333333335,17.875,4.5,1.5833333333333333,0.8333333333333334,10.166666666666666,1.6666666666666667,32.333333333333336,12.333333333333334,20.541666666666668,18.916666666666668,0.17500000000000004,0.07291666666666667,三亚
39.625,31.208333333333332,16.583333333333332,42.375,16.458333333333332,3.875,1.2083333333333333,24.833333333333332,6.625,55.5,21.083333333333332,42.041666666666664,32.208333333333336,0.6229166666666667,0.17500000000000002,宁德
55.75,48.208333333333336,19.083333333333332,50.666666666666664,16.375,6.25,1.4166666666666667,21.208333333333332,4.791666666666667,95.95833333333333,27.0,64.45833333333333,59.166666666666664,0.5266666666666667,0.1454166666666666,揭阳
51.208333333333336,40.75,17.708333333333332,54.291666666666664,24.666666666666668,15.25,5.458333333333333,25.541666666666668,8.416666666666666,46.5,24.291666666666668,35.708333333333336,37.208333333333336,0.5258333333333333,0.17958333333333332,柳州
43.958333333333336,34.125,22.041666666666668,55.958333333333336,28.833333333333332,16.833333333333332,5.083333333333333,24.583333333333332,8.958333333333334,31.458333333333332,22.458333333333332,25.083333333333332,21.916666666666668,0.5616666666666666,0.30249999999999994,桂林
39.625,31.708333333333332,10.291666666666666,49.958333333333336,13.541666666666666,6.416666666666667,1.25,42.958333333333336,6.5,85.33333333333333,22.625,65.5,69.29166666666667,0.5354166666666665,0.10416666666666669,梅州
33.583333333333336,27.625,13.708333333333334,35.833333333333336,13.25,5.25,1.1666666666666667,16.0,5.458333333333333,70.375,19.916666666666668,51.583333333333336,40.666666666666664,0.3899999999999999,0.14458333333333337,汕头
32.791666666666664,28.708333333333332,12.708333333333334,43.708333333333336,15.458333333333334,6.291666666666667,1.7083333333333333,38.208333333333336,11.916666666666666,93.41666666666667,38.208333333333336,68.0,68.95833333333333,0.4812500000000001,0.15499999999999997,江门
70.79166666666667,56.333333333333336,21.083333333333332,98.08333333333333,28.041666666666668,5.25,1.7083333333333333,59.166666666666664,15.375,83.125,41.5,58.208333333333336,66.0,1.164583333333333,0.1791666666666667,清远
32.708333333333336,27.666666666666668,10.25,32.666666666666664,9.625,3.9583333333333335,2.0833333333333335,12.041666666666666,4.125,59.375,33.833333333333336,50.958333333333336,41.875,0.20124999999999996,0.10999999999999999,湛江
40.875,36.041666666666664,11.5,63.458333333333336,18.291666666666668,6.291666666666667,1.4166666666666667,33.041666666666664,7.458333333333333,83.54166666666667,28.416666666666668,59.583333333333336,57.708333333333336,0.48125,0.12708333333333335,漳州
56.416666666666664,47.333333333333336,16.666666666666668,53.208333333333336,15.666666666666666,6.125,1.3333333333333333,21.916666666666668,4.625,97.95833333333333,28.125,65.91666666666667,58.833333333333336,0.53125,0.1479166666666667,潮州
44.208333333333336,35.625,16.875,48.875,23.0,8.833333333333334,3.2916666666666665,40.416666666666664,14.291666666666666,70.45833333333333,35.708333333333336,54.083333333333336,54.041666666666664,0.43250000000000005,0.12833333333333333,肇庆
45.666666666666664,35.125,20.375,49.166666666666664,17.75,5.75,1.2916666666666667,23.041666666666668,7.416666666666667,59.291666666666664,22.416666666666668,43.041666666666664,39.583333333333336,0.3741666666666666,0.13583333333333333,莆田
35.291666666666664,28.458333333333332,9.541666666666666,40.458333333333336,12.416666666666666,9.416666666666666,2.5416666666666665,27.0,6.958333333333333,66.0,17.083333333333332,48.416666666666664,47.75,0.39791666666666664,0.1216666666666667,龙岩
33.916666666666664,25.583333333333332,3.4583333333333335,45.5,4.625,4.166666666666667,0.375,29.166666666666668,2.5833333333333335,62.166666666666664,7.583333333333333,41.416666666666664,29.041666666666668,0.6979166666666666,0.06666666666666668,保山
58.666666666666664,48.125,13.333333333333334,60.083333333333336,17.25,4.791666666666667,1.5833333333333333,18.125,4.583333333333333,61.166666666666664,26.541666666666668,43.375,36.125,0.4154166666666667,0.155,北海
38.375,30.416666666666668,8.833333333333334,57.208333333333336,14.875,8.458333333333334,2.0833333333333335,38.75,9.041666666666666,70.08333333333333,29.166666666666668,52.208333333333336,50.416666666666664,0.9262500000000001,0.19416666666666663,梧州
33.583333333333336,27.458333333333332,10.625,32.375,9.791666666666666,2.0416666666666665,0.4166666666666667,14.166666666666666,2.9583333333333335,59.833333333333336,18.958333333333332,48.041666666666664,40.125,0.24333333333333332,0.0879166666666667,汕尾
39.958333333333336,32.708333333333336,12.5,51.666666666666664,15.125,4.708333333333333,1.5,32.125,6.791666666666667,78.33333333333333,19.958333333333332,54.083333333333336,55.833333333333336,0.5104166666666666,0.10416666666666667,河源
46.458333333333336,39.0,13.0,66.625,18.625,41.75,7.625,33.083333333333336,7.666666666666667,63.416666666666664,24.791666666666668,48.333333333333336,41.708333333333336,0.5541666666666668,0.1479166666666667,玉林
54.958333333333336,44.75,14.833333333333334,65.75,19.0,22.833333333333332,5.833333333333333,24.0,6.208333333333333,64.0,18.083333333333332,48.833333333333336,43.416666666666664,0.5458333333333333,0.16458333333333328,百色
36.291666666666664,31.958333333333332,7.875,51.041666666666664,10.375,11.916666666666666,2.6666666666666665,15.625,3.6666666666666665,67.08333333333333,23.708333333333332,48.958333333333336,39.125,0.43416666666666665,0.11999999999999998,茂名
53.791666666666664,43.458333333333336,5.833333333333333,76.54166666666667,6.875,1.7083333333333333,0.16666666666666666,44.5,2.9583333333333335,96.375,10.208333333333334,67.75,65.45833333333333,1.2875,0.09791666666666667,西双版纳
40.583333333333336,32.541666666666664,11.5,40.291666666666664,9.916666666666666,5.208333333333333,1.625,26.791666666666668,6.5,75.29166666666667,31.791666666666668,61.0,51.875,0.5104166666666666,0.12500000000000003,阳江
37.25,29.333333333333332,14.208333333333334,46.166666666666664,18.5,12.333333333333334,3.2083333333333335,35.291666666666664,11.416666666666666,64.70833333333333,26.958333333333332,48.916666666666664,53.125,0.6425,0.2333333333333333,韶关
48.833333333333336,38.541666666666664,4.125,51.541666666666664,6.541666666666667,6.166666666666667,0.9583333333333334,22.75,2.75,60.083333333333336,11.916666666666666,44.041666666666664,41.833333333333336,0.5937500000000001,0.06666666666666668,临沧
44.875,31.75,13.875,57.083333333333336,18.0,23.083333333333332,5.375,38.375,10.166666666666666,73.83333333333333,33.875,62.125,62.291666666666664,0.5541666666666668,0.12916666666666665,云浮
61.083333333333336,46.958333333333336,13.791666666666666,82.0,19.625,6.541666666666667,1.125,27.375,5.666666666666667,54.833333333333336,22.791666666666668,42.083333333333336,38.625,0.35624999999999996,0.12708333333333333,崇左
38.125,24.291666666666668,4.166666666666667,52.625,6.416666666666667,3.625,0.875,26.041666666666668,2.5833333333333335,77.125,11.75,63.625,61.083333333333336,0.3791666666666667,0.04791666666666666,普洱
89.25,74.08333333333333,29.041666666666668,91.54166666666667,35.333333333333336,19.291666666666668,6.291666666666667,32.458333333333336,10.25,61.0,28.791666666666668,46.416666666666664,45.375,0.9625,0.36874999999999997,来宾
39.833333333333336,26.375,4.166666666666667,53.75,9.625,12.583333333333334,2.0,31.375,4.25,72.83333333333333,6.916666666666667,58.625,54.208333333333336,1.7945833333333334,0.2737500000000001,玉溪
27.916666666666668,23.416666666666668,4.208333333333333,30.25,5.583333333333333,22.625,5.25,13.166666666666666,2.9166666666666665,39.166666666666664,7.541666666666667,27.166666666666668,22.708333333333332,0.40958333333333324,0.10708333333333336,红河
62.958333333333336,51.416666666666664,13.291666666666666,81.70833333333333,22.083333333333332,6.375,1.9583333333333333,35.833333333333336,7.25,58.875,23.0,46.125,42.25,0.6416666666666667,0.18083333333333332,贵港
43.125,34.25,14.833333333333334,53.416666666666664,21.25,4.458333333333333,1.3333333333333333,22.375,6.458333333333333,51.875,26.666666666666668,37.125,32.666666666666664,0.48958333333333326,0.21458333333333326,贺州
41.416666666666664,34.958333333333336,11.833333333333334,53.0,16.25,15.541666666666666,3.0,27.291666666666668,5.375,46.875,19.666666666666668,32.75,29.375,1.034166666666667,0.20000000000000004,钦州
34.791666666666664,29.041666666666668,10.75,45.291666666666664,14.666666666666666,8.416666666666666,2.0416666666666665,27.458333333333332,5.833333333333333,53.333333333333336,17.375,34.166666666666664,33.708333333333336,0.47875000000000006,0.1666666666666667,防城港
55.291666666666664,37.5,7.291666666666667,80.83333333333333,17.25,4.708333333333333,0.8333333333333334,39.958333333333336,8.125,53.583333333333336,7.041666666666667,34.5,29.666666666666668,0.9241666666666664,0.2054166666666667,拉萨
83.875,67.33333333333333,19.333333333333332,76.625,20.75,37.791666666666664,7.333333333333333,39.208333333333336,7.958333333333333,70.25,8.875,42.583333333333336,28.083333333333332,2.9725,0.7795833333333332,西宁
55.75,23.916666666666668,3.7083333333333335,91.25,13.458333333333334,10.875,1.7916666666666667,25.083333333333332,3.5833333333333335,50.291666666666664,9.916666666666666,33.958333333333336,19.041666666666668,0.5020833333333333,0.08125,山南
71.79166666666667,57.5,6.875,90.66666666666667,12.083333333333334,17.916666666666668,1.9583333333333333,42.958333333333336,5.791666666666667,60.458333333333336,10.541666666666666,41.791666666666664,27.458333333333332,1.0916666666666666,0.1666666666666667,日喀则
61.375,49.833333333333336,5.458333333333333,80.08333333333333,8.541666666666666,6.5,0.875,44.166666666666664,5.75,57.666666666666664,10.0,40.583333333333336,41.083333333333336,1.5166666666666668,0.18541666666666667,昌都
17.291666666666668,10.5,1.25,26.125,3.2916666666666665,1.4583333333333333,0.20833333333333334,9.708333333333334,1.2083333333333333,35.208333333333336,8.166666666666666,20.875,12.916666666666666,0.2937499999999999,0.04791666666666666,林芝
41.208333333333336,34.958333333333336,5.208333333333333,59.75,8.583333333333334,47.458333333333336,5.625,26.333333333333332,3.4166666666666665,71.08333333333333,22.125,51.333333333333336,46.625,1.3083333333333336,0.22499999999999995,果洛
105.70833333333333,85.04166666666667,18.5,90.20833333333333,21.291666666666668,31.375,5.916666666666667,49.958333333333336,9.208333333333334,82.83333333333333,9.208333333333334,61.541666666666664,51.25,1.5375000000000005,0.37083333333333335,海东
65.70833333333333,44.166666666666664,14.041666666666666,55.125,17.75,14.75,5.041666666666667,20.25,5.333333333333333,69.83333333333333,39.708333333333336,47.25,53.375,0.42916666666666664,0.20416666666666664,海北
46.916666666666664,32.958333333333336,7.083333333333333,59.541666666666664,10.25,8.708333333333334,1.5416666666666667,27.125,3.7916666666666665,80.45833333333333,20.791666666666668,51.166666666666664,43.708333333333336,0.7541666666666665,0.10833333333333338,海南
33.458333333333336,17.041666666666668,2.9166666666666665,54.541666666666664,11.958333333333334,8.458333333333334,1.4166666666666667,21.708333333333332,4.75,35.458333333333336,5.0,21.541666666666668,14.708333333333334,0.5666666666666665,0.125,海西
53.958333333333336,46.125,6.916666666666667,67.0,10.958333333333334,39.333333333333336,5.666666666666667,48.166666666666664,7.875,56.75,11.625,37.083333333333336,30.333333333333332,0.9458333333333334,0.2208333333333333,玉树
61.25,53.083333333333336,10.833333333333334,79.0,12.041666666666666,44.958333333333336,5.625,41.625,7.458333333333333,67.33333333333333,7.458333333333333,48.208333333333336,43.5,1.3625,0.2625,甘南
28.875,22.25,4.0,31.75,4.416666666666667,11.916666666666666,1.3333333333333333,33.041666666666664,5.666666666666667,38.333333333333336,8.416666666666666,23.083333333333332,21.208333333333332,0.31666666666666676,0.12499999999999996,甘孜
30.0,29.583333333333332,4.25,30.208333333333332,4.291666666666667,2.9166666666666665,0.3333333333333333,16.125,2.4166666666666665,33.791666666666664,9.625,21.916666666666668,17.833333333333332,0.7083333333333331,0.13541666666666666,迪庆
81.54166666666667,68.0,8.875,72.875,12.208333333333334,5.041666666666667,0.5416666666666666,25.666666666666668,3.4583333333333335,41.75,7.875,26.0,23.166666666666668,1.3020833333333337,0.1979166666666667,那曲
50.333333333333336,41.458333333333336,3.5416666666666665,62.5,5.5,7.291666666666667,1.0416666666666667,25.5,2.4583333333333335,58.666666666666664,9.333333333333334,34.375,30.041666666666668,1.0229166666666667,0.11041666666666666,阿坝
26.583333333333332,11.208333333333334,1.2083333333333333,24.958333333333332,3.9583333333333335,43.958333333333336,4.75,25.333333333333332,5.625,52.75,35.208333333333336,31.958333333333332,26.5,0.3,0.06249999999999999,阿里
64.16666666666667,40.833333333333336,11.208333333333334,101.41666666666667,14.583333333333334,36.083333333333336,6.208333333333333,32.583333333333336,3.625,63.125,8.5,32.333333333333336,22.333333333333332,0.8166666666666669,0.1708333333333333,黄南
62.041666666666664,48.458333333333336,29.041666666666668,61.958333333333336,37.583333333333336,5.583333333333333,2.9166666666666665,34.458333333333336,13.833333333333334,42.416666666666664,21.416666666666668,31.583333333333332,33.291666666666664,0.5533333333333333,0.29875,南京
50.083333333333336,41.0,19.916666666666668,52.375,25.916666666666668,4.625,1.9166666666666667,34.583333333333336,12.875,52.458333333333336,24.833333333333332,41.125,39.625,0.4925,0.22499999999999998,宁波
54.625,45.041666666666664,24.666666666666668,66.125,37.166666666666664,2.7083333333333335,1.2916666666666667,25.625,12.083333333333334,37.541666666666664,25.791666666666668,29.416666666666668,32.375,0.40833333333333327,0.20124999999999996,杭州
70.08333333333333,55.75,31.125,63.125,31.5,3.7916666666666665,1.25,46.666666666666664,15.791666666666666,47.375,20.583333333333332,34.625,30.166666666666668,0.7004166666666666,0.34500000000000014,苏州
63.625,49.541666666666664,26.291666666666668,48.208333333333336,21.458333333333332,3.6666666666666665,1.5833333333333333,40.0,11.708333333333334,48.375,18.083333333333332,34.625,25.583333333333332,0.56125,0.2775,上海
77.08333333333333,62.666666666666664,35.666666666666664,66.20833333333333,35.125,3.3333333333333335,1.5416666666666667,28.666666666666668,12.0,45.166666666666664,22.25,32.916666666666664,26.875,0.54,0.28125,南通
62.666666666666664,49.875,28.5,55.041666666666664,25.583333333333332,4.041666666666667,1.375,32.208333333333336,11.416666666666666,35.208333333333336,17.25,25.125,27.541666666666668,0.5624999999999999,0.28124999999999994,合肥
61.041666666666664,48.791666666666664,24.333333333333332,62.375,29.5,4.625,1.5416666666666667,37.625,12.25,51.916666666666664,26.0,36.125,37.833333333333336,0.5875,0.2816666666666667,嘉兴
82.91666666666667,66.66666666666667,37.75,87.41666666666667,47.583333333333336,4.625,2.1666666666666665,34.375,12.625,45.083333333333336,21.708333333333332,33.333333333333336,30.625,0.5608333333333334,0.2954166666666666,常州
100.58333333333333,83.79166666666667,36.125,106.91666666666667,45.208333333333336,9.041666666666666,3.4583333333333335,38.625,9.541666666666666,58.0,18.666666666666668,43.291666666666664,42.625,0.9162500000000001,0.32249999999999995,徐州
84.16666666666667,69.54166666666667,40.25,64.91666666666667,36.916666666666664,4.541666666666667,1.875,33.833333333333336,12.125,48.875,19.833333333333332,33.541666666666664,34.458333333333336,0.52875,0.29541666666666666,扬州
68.58333333333333,54.416666666666664,29.5,73.16666666666667,38.625,4.5,1.9583333333333333,34.916666666666664,11.875,41.875,18.791666666666668,30.458333333333332,28.125,0.6383333333333333,0.34583333333333327,无锡
50.625,41.208333333333336,17.833333333333332,51.333333333333336,25.75,7.208333333333333,1.5416666666666667,31.666666666666668,9.791666666666666,47.083333333333336,24.083333333333332,34.25,34.791666666666664,0.5220833333333332,0.21374999999999997,绍兴
36.916666666666664,29.375,18.375,46.458333333333336,23.208333333333332,7.291666666666667,1.9166666666666667,29.333333333333332,8.916666666666666,42.5,21.875,27.708333333333332,28.958333333333332,0.41583333333333333,0.16291666666666668,金华
72.91666666666667,57.541666666666664,29.0,77.16666666666667,38.458333333333336,2.875,1.125,21.916666666666668,8.291666666666666,48.5,26.0,38.333333333333336,37.0,0.68375,0.2329166666666667,信阳
59.25,46.708333333333336,25.041666666666668,43.583333333333336,22.916666666666668,9.333333333333334,2.25,23.708333333333332,9.25,41.541666666666664,21.291666666666668,32.5,27.291666666666668,0.4170833333333333,0.20833333333333337,安庆
67.375,52.583333333333336,24.708333333333332,55.458333333333336,25.0,3.875,1.7083333333333333,26.083333333333332,5.291666666666667,39.75,19.083333333333332,29.0,27.291666666666668,0.41500000000000004,0.17124999999999999,宜昌
99.95833333333333,82.25,43.625,94.83333333333333,47.666666666666664,7.833333333333333,3.0416666666666665,34.75,9.958333333333334,53.333333333333336,19.125,37.625,32.583333333333336,1.7820833333333332,0.40666666666666657,宿迁
52.875,41.75,21.333333333333332,51.708333333333336,26.375,4.125,1.4583333333333333,20.708333333333332,5.541666666666667,31.375,18.166666666666668,24.333333333333332,24.916666666666668,0.47500000000000003,0.17583333333333329,岳阳
67.54166666666667,55.291666666666664,31.916666666666668,81.0,41.125,4.583333333333333,1.2916666666666667,35.0,8.833333333333334,42.333333333333336,17.166666666666668,28.708333333333332,23.458333333333332,0.6929166666666667,0.2975,常熟
69.5,56.5,35.875,70.75,38.75,26.125,3.1666666666666665,37.375,12.625,53.125,34.291666666666664,31.958333333333332,24.458333333333332,0.7666666666666666,0.34375,张家港
67.5,52.916666666666664,27.916666666666668,74.375,34.333333333333336,18.125,3.625,31.833333333333332,10.083333333333334,52.041666666666664,32.25,34.958333333333336,30.916666666666668,0.7062500000000002,0.30000000000000004,昆山
79.04166666666667,64.25,37.75,81.83333333333333,47.25,6.5,2.3333333333333335,36.0,13.166666666666666,41.958333333333336,18.875,29.166666666666668,24.708333333333332,0.73,0.3066666666666667,江阴
83.375,67.0,33.708333333333336,84.625,42.708333333333336,4.208333333333333,1.9166666666666667,26.666666666666668,10.291666666666666,47.208333333333336,20.208333333333332,35.083333333333336,30.666666666666668,0.5954166666666667,0.2749999999999999,泰州
110.875,94.33333333333333,42.958333333333336,88.04166666666667,48.125,3.9166666666666665,1.4583333333333333,28.416666666666668,9.625,47.291666666666664,12.833333333333334,33.625,26.0,0.6104166666666666,0.26999999999999996,淮安
75.41666666666667,59.583333333333336,33.916666666666664,60.625,37.583333333333336,4.958333333333333,1.9166666666666667,39.75,15.416666666666666,42.5,21.625,29.791666666666668,29.541666666666668,0.6304166666666666,0.3283333333333333,滁州
82.125,67.04166666666667,36.625,77.58333333333333,41.791666666666664,4.166666666666667,1.5833333333333333,33.916666666666664,9.666666666666666,57.375,13.791666666666666,39.0,32.583333333333336,0.5700000000000001,0.23041666666666671,盐城
36.375,30.291666666666668,14.5,40.208333333333336,20.541666666666668,6.041666666666667,1.5416666666666667,32.166666666666664,9.875,48.666666666666664,16.291666666666668,34.208333333333336,25.416666666666668,0.49708333333333315,0.23291666666666666,舟山
69.33333333333333,54.416666666666664,32.875,52.583333333333336,25.458333333333332,4.583333333333333,2.0416666666666665,37.208333333333336,10.458333333333334,40.125,22.333333333333332,28.333333333333332,31.333333333333332,0.6379166666666666,0.2637500000000001,芜湖
47.958333333333336,37.833333333333336,17.75,58.166666666666664,26.833333333333332,19.666666666666668,5.625,27.666666666666668,9.458333333333334,47.333333333333336,19.75,32.666666666666664,31.083333333333332,0.5612499999999999,0.16708333333333336,荆州
92.20833333333333,75.83333333333333,39.083333333333336,87.91666666666667,47.5,8.791666666666666,3.5,34.25,9.708333333333334,46.125,17.208333333333332,31.625,27.75,0.7070833333333332,0.3375000000000001,蚌埠
72.25,58.833333333333336,37.041666666666664,56.958333333333336,35.0,6.5,2.2083333333333335,28.458333333333332,11.25,45.75,17.208333333333332,32.208333333333336,31.125,0.5570833333333335,0.2970833333333333,镇江
99.375,83.16666666666667,40.333333333333336,97.20833333333333,46.291666666666664,5.458333333333333,1.4583333333333333,38.291666666666664,9.375,44.833333333333336,21.0,31.916666666666668,27.958333333333332,0.7291666666666665,0.31666666666666665,阜阳
73.54166666666667,57.916666666666664,32.791666666666664,60.916666666666664,31.583333333333332,10.833333333333334,4.75,34.708333333333336,9.875,39.041666666666664,20.0,28.5,27.666666666666668,0.7775,0.35000000000000003,马鞍山
50.75,37.5,22.541666666666668,71.20833333333333,35.375,3.4166666666666665,0.75,28.666666666666668,11.833333333333334,24.458333333333332,14.375,17.0,16.666666666666668,0.6208333333333335,0.17916666666666667,临安
76.45833333333333,60.5,29.583333333333332,78.20833333333333,35.541666666666664,3.0833333333333335,1.25,28.125,9.541666666666666,39.583333333333336,17.291666666666668,28.416666666666668,27.125,0.5266666666666667,0.24749999999999997,六安
48.0,38.25,16.833333333333332,61.958333333333336,22.666666666666668,5.291666666666667,1.375,25.791666666666668,6.375,44.208333333333336,18.0,32.208333333333336,28.666666666666668,0.5412500000000001,0.19125,十堰
64.5,51.791666666666664,28.583333333333332,83.54166666666667,41.583333333333336,3.625,1.5416666666666667,40.0,12.208333333333334,52.0,22.416666666666668,37.458333333333336,34.041666666666664,0.6375000000000001,0.2833333333333334,吴江
48.416666666666664,37.5,18.0,62.0,23.291666666666668,4.458333333333333,1.5416666666666667,22.583333333333332,6.291666666666667,37.708333333333336,20.0,28.125,26.708333333333332,0.5708333333333334,0.2308333333333333,咸宁
61.833333333333336,49.791666666666664,28.541666666666668,62.0,34.041666666666664,15.75,3.375,33.041666666666664,12.583333333333334,55.875,25.125,36.75,31.708333333333332,0.8541666666666665,0.6291666666666665,太仓
54.583333333333336,43.458333333333336,19.958333333333332,59.208333333333336,26.291666666666668,5.208333333333333,1.5833333333333333,27.916666666666668,10.0,45.541666666666664,17.375,32.375,29.291666666666668,0.725,0.22499999999999998,孝感
58.375,46.0,26.75,70.625,36.125,4.375,1.9166666666666667,40.541666666666664,11.666666666666666,42.125,18.375,30.041666666666668,25.416666666666668,0.6645833333333333,0.27291666666666664,宜兴
67.5,52.958333333333336,30.75,49.333333333333336,24.333333333333332,6.541666666666667,1.6666666666666667,34.833333333333336,9.541666666666666,34.75,17.25,23.666666666666668,26.833333333333332,0.5208333333333333,0.2208333333333333,宣城
111.20833333333333,94.04166666666667,43.666666666666664,96.75,45.583333333333336,5.958333333333333,1.7916666666666667,44.625,12.708333333333334,55.875,18.208333333333332,40.791666666666664,38.541666666666664,0.8145833333333333,0.40833333333333327,宿州
33.875,24.708333333333332,9.875,42.291666666666664,13.625,8.166666666666666,2.3333333333333335,18.291666666666668,4.541666666666667,36.416666666666664,24.25,27.041666666666668,25.333333333333332,0.3987500000000001,0.17208333333333334,景德镇
77.83333333333333,62.416666666666664,31.333333333333332,82.58333333333333,42.208333333333336,4.333333333333333,1.875,21.166666666666668,11.041666666666666,33.875,15.625,24.291666666666668,19.75,0.6208333333333332,0.2770833333333334,海门
88.75,72.16666666666667,38.458333333333336,88.58333333333333,46.666666666666664,8.166666666666666,2.5833333333333335,30.458333333333332,10.0,43.625,19.5,28.75,27.5,0.6466666666666666,0.3237499999999999,淮南
69.08333333333333,55.041666666666664,31.666666666666668,75.54166666666667,41.125,3.75,1.1666666666666667,35.625,11.5,44.791666666666664,23.208333333333332,32.416666666666664,31.375,0.6833333333333332,0.3125,溧阳
71.20833333333333,56.166666666666664,25.958333333333332,66.54166666666667,30.833333333333332,3.7083333333333335,1.25,22.833333333333332,6.416666666666667,35.666666666666664,19.083333333333332,25.083333333333332,24.291666666666668,0.56375,0.2058333333333334,益阳
73.29166666666667,57.666666666666664,35.458333333333336,77.625,44.416666666666664,7.916666666666667,2.2083333333333335,33.625,12.125,39.625,17.375,29.833333333333332,28.875,0.7124999999999999,0.2916666666666667,金坛
55.166666666666664,44.583333333333336,24.166666666666668,62.958333333333336,32.0,11.625,3.5416666666666665,36.208333333333336,11.375,37.458333333333336,21.708333333333332,27.333333333333332,27.583333333333332,0.5399999999999999,0.24499999999999997,铜陵
40.458333333333336,35.083333333333336,19.416666666666668,44.291666666666664,22.291666666666668,5.916666666666667,2.3333333333333335,25.708333333333332,6.708333333333333,35.458333333333336,19.125,27.25,24.666666666666668,0.425,0.19375,黄冈
42.541666666666664,33.458333333333336,17.583333333333332,40.291666666666664,19.875,4.916666666666667,0.9583333333333334,18.0,5.666666666666667,43.75,31.375,31.333333333333332,33.833333333333336,0.3558333333333334,0.14625000000000002,黄山
40.75,33.791666666666664,16.875,49.875,26.416666666666668,14.916666666666666,3.9583333333333335,21.125,6.291666666666667,36.083333333333336,19.125,27.291666666666668,22.625,0.5766666666666667,0.19749999999999993,黄石
75.375,60.0,34.75,88.375,43.333333333333336,9.416666666666666,1.8333333333333333,30.583333333333332,8.791666666666666,46.916666666666664,23.458333333333332,31.625,30.333333333333332,0.6041666666666666,0.23749999999999996,句容
40.666666666666664,33.916666666666664,17.375,48.708333333333336,24.333333333333332,13.333333333333334,4.291666666666667,29.375,10.458333333333334,48.625,26.0,36.916666666666664,33.375,0.46875,0.17875000000000005,广元
65.04166666666667,52.583333333333336,24.083333333333332,63.875,29.666666666666668,21.416666666666668,4.0,28.875,10.0,32.5,20.791666666666668,25.916666666666668,21.708333333333332,0.4645833333333333,0.2020833333333333,池州
81.125,62.375,25.125,63.041666666666664,23.833333333333332,7.125,2.2916666666666665,31.5,9.75,47.916666666666664,21.0,31.583333333333332,30.5,0.5170833333333332,0.17458333333333334,荆门
42.708333333333336,36.375,18.541666666666668,48.791666666666664,22.875,5.833333333333333,2.5416666666666665,24.208333333333332,6.916666666666667,33.208333333333336,16.833333333333332,23.083333333333332,20.625,0.6191666666666666,0.2204166666666667,鄂州
61.208333333333336,48.625,20.208333333333332,65.91666666666667,26.166666666666668,3.6666666666666665,1.1666666666666667,24.875,6.458333333333333,50.166666666666664,17.833333333333332,36.625,33.833333333333336,0.70375,0.2291666666666666,随州
