day,area,period,PM2.5,PM10,SO2,CO,NO2,O3
2020-01-01,CS,pre,54.48542260208927,65.88317445914478,12.951929256267155,0.8128145188567568,44.8030119423955,38.83053815582354
2020-01-02,CS,pre,55.80663726599799,73.34172406952088,6.764550403933965,0.8750957212920685,47.82232987290065,37.70863790995069
2020-01-03,CS,pre,63.91019982047379,77.66323013828722,10.938604151218307,0.9306622403049345,53.119378585645705,42.40791134917847
2020-01-04,CS,pre,79.74046901221558,99.91150675174647,6.950769165723504,0.9889109963054026,48.62637409098596,28.537188593581288
2020-01-05,CS,pre,69.51878032757028,78.45420114090206,8.615582029166504,0.9965748952763792,46.97148346537616,27.897324181399526
2020-01-06,CS,pre,48.51007151777699,58.63872383535626,10.712809780275533,0.9844783072499967,41.25651595571687,41.72200236766447
2020-01-07,CS,pre,35.4634538955886,48.285101113582854,7.029265048328975,1.1789381106167633,54.326197003993805,70.00483517412742
2020-01-08,CS,pre,42.973282467574705,67.59284887275754,8.0147473298729,1.2453797369550796,54.69211824662738,60.50369280854441
2020-01-09,CS,pre,44.11868015715048,56.332759955248534,5.623340033043229,0.9194940889695455,43.07712374299132,40.53377824610701
2020-01-10,CS,pre,28.042905462540165,35.409320077014144,6.399332142996526,0.9026543079785088,35.88286207704016,27.93989693504534
2020-01-11,CS,pre,42.31122168884726,60.45807770362565,8.956654665730008,1.019202869492253,59.26318411843526,55.28771253691345
2020-01-12,CS,pre,50.07334377317254,73.86124982112426,8.179370747635588,1.1060591151829737,60.859950370110184,62.7760257711171
2020-01-13,CS,pre,49.84923050904786,62.88750227660044,16.5339119150763,1.0733947852840549,51.29270934967282,46.387839863924334
2020-01-14,CS,pre,64.91955762400968,76.55278086744983,6.728725494022298,0.9429813725298886,43.87979175610454,47.52564248916989
2020-01-15,CS,pre,68.82519237273804,73.96904587675135,6.626576871040342,0.8523716550234811,36.458724745996435,34.65284932807763
2020-01-16,CS,pre,48.989417710650585,50.76560934837191,6.129539053454579,0.9381211314053779,33.69470950578257,45.08129187318685
2020-01-17,CS,pre,43.73747056680846,54.32854450428651,6.197585014765379,0.8230676995928138,45.12803129349933,42.64276512638385
2020-01-18,CS,pre,50.249509880445956,54.87012287137858,7.414840995719991,0.8311333144700723,42.502388153872175,44.244185399836084
2020-01-19,CS,pre,69.45693111007037,75.4097010823609,6.733787840351768,0.9691744363787742,62.572860646034165,83.9931724752501
2020-01-20,CS,pre,66.81477432384968,80.10135571556805,9.300629154795821,1.0528336488051098,60.293691052309775,71.58080777036257
2020-01-21,CS,pre,58.53819940418114,66.26352544588846,6.6441919044088,0.8623137448126033,42.690308349269536,62.79125639074269
2020-01-22,CS,pre,55.13016089060609,60.58174914464868,6.181388953934616,0.8307835001756233,34.11129811757666,53.29581869804473
2020-01-23,CS,pre,61.64121329794846,65.15666068245977,8.567804479048771,0.8278966211997033,31.175239530890217,42.775660864587806
2020-01-24,CS,pre,46.79451485644408,52.139420962936946,3.393221584774096,0.6631267464777739,18.499664526662244,22.522455573768354
2020-01-01,MG,pre,90.85714285714285,138.0612244897959,44.87755102040817,2.332857142857143,63.326530612244895,45.30612244897959
2020-01-02,MG,pre,89.18367346938776,134.06122448979593,46.08163265306123,2.3840816326530616,60.73469387755102,43.55102040816326
2020-01-03,MG,pre,90.57142857142857,117.59183673469387,41.69387755102041,2.3479591836734697,62.02040816326531,50.183673469387756
2020-01-04,MG,pre,88.61224489795919,115.9795918367347,32.57142857142858,2.023265306122449,70.51020408163266,51.285714285714285
2020-01-05,MG,pre,75.63265306122449,103.44897959183673,43.59183673469388,1.9728571428571429,62.42857142857142,36.51020408163265
2020-01-06,MG,pre,71.79591836734694,80.6530612244898,29.408163265306122,1.4426530612244899,48.408163265306115,67.0408163265306
2020-01-07,MG,pre,58.632653061224495,66.53061224489795,50.755102040816325,1.273265306122449,42.6530612244898,63.71428571428572
2020-01-08,MG,pre,81.02040816326529,92.63265306122449,32.04081632653061,1.8271428571428572,62.46938775510204,60.183673469387756
2020-01-09,MG,pre,107.44897959183673,118.83673469387755,39.04081632653061,1.8316326530612246,66.38775510204083,47.08163265306121
2020-01-10,MG,pre,94.48979591836735,116.6938775510204,40.18367346938776,1.669591836734694,57.04081632653061,54.469387755102034
2020-01-11,MG,pre,89.12244897959184,105.6938775510204,29.79591836734694,1.6628571428571428,59.61224489795918,50.63265306122449
2020-01-12,MG,pre,92.0204081632653,114.12244897959184,27.326530612244895,1.8475510204081633,53.04081632653061,62.795918367346935
2020-01-13,MG,pre,71.3061224489796,83.48979591836735,25.591836734693874,1.5891836734693876,60.61224489795919,64.22448979591836
2020-01-14,MG,pre,90.24489795918367,115.04081632653062,28.18367346938776,1.9110204081632653,67.12244897959184,52.877551020408156
2020-01-15,MG,pre,95.79591836734694,126.51020408163266,39.10204081632653,1.9312244897959185,66.26530612244898,50.10204081632653
2020-01-16,MG,pre,108.87755102040816,137.3061224489796,38.63265306122449,2.126734693877551,73.81632653061226,48.0
2020-01-17,MG,pre,132.57142857142856,158.0408163265306,31.142857142857146,1.9893877551020411,63.81632653061225,66.71428571428571
2020-01-18,MG,pre,121.73469387755101,145.42857142857144,33.102040816326536,1.906530612244898,55.34693877551021,61.448979591836725
2020-01-19,MG,pre,60.938775510204074,99.14285714285714,24.122448979591837,1.32,40.77551020408164,67.6938775510204
2020-01-20,MG,pre,45.99999999999999,65.42857142857143,29.387755102040817,1.2304081632653063,36.83673469387755,66.61224489795919
2020-01-21,MG,pre,59.285714285714285,81.06122448979592,32.12244897959184,1.6957142857142864,47.73469387755102,74.53061224489797
2020-01-22,MG,pre,87.28571428571429,103.24489795918366,36.36734693877551,1.713469387755102,52.83673469387755,75.63265306122449
2020-01-23,MG,pre,90.51020408163265,108.06122448979592,25.12244897959184,1.5748979591836736,51.428571428571416,69.06122448979592
2020-01-24,MG,pre,76.77551020408163,92.6938775510204,19.836734693877553,1.3946938775510205,40.408163265306115,31.22448979591837
2020-01-01,NCP,pre,62.1,84.1,14.35073367859385,0.8025,53.11132961514318,32.65
2020-01-02,NCP,pre,96.0,128.65,19.69351851851852,1.147,69.2842625790719,22.852546296296307
2020-01-03,NCP,pre,140.29587101536254,175.6075547294827,22.2,1.7005613660899677,98.87961087484393,36.75
2020-01-04,NCP,pre,168.6,203.0,24.7,1.9189999999999998,95.57154769665362,39.7
2020-01-05,NCP,pre,193.7,228.3,19.65,1.6166622271717612,82.12957095086333,24.1
2020-01-06,NCP,pre,73.25,75.35,9.8,1.4085,51.29383597021309,23.5
2020-01-07,NCP,pre,77.35,70.65,12.540972222222221,1.345,49.75291815842663,46.38125
2020-01-08,NCP,pre,68.7,76.45,10.17778170119272,0.9335,50.67798011389113,36.25
2020-01-09,NCP,pre,106.5,123.35,13.453935185185184,1.3785,70.6185248132282,40.4
2020-01-10,NCP,pre,93.2,105.05,14.32769930947897,1.3335,66.51495480743363,41.3
2020-01-11,NCP,pre,118.2,136.8,15.15,1.5539999999999998,54.46821736408601,44.08125
2020-01-12,NCP,pre,94.3,108.3,11.3125,1.1515,58.718393529728274,35.85
2020-01-13,NCP,pre,119.8,145.45,11.364120370370367,1.315,60.20104927636707,50.81875
2020-01-14,NCP,pre,110.1875,128.9,15.55,1.1785,58.281043050640505,57.85
2020-01-15,NCP,pre,125.55,126.45,15.21501098556184,1.2399999999999998,57.26927345253616,47.2
2020-01-16,NCP,pre,134.85,132.55,13.670833333333334,1.422,60.22111012810165,31.773611111111116
2020-01-17,NCP,pre,191.2847334319792,205.72903689217247,16.203703703703695,1.659020338810593,68.77619651221346,47.75
2020-01-18,NCP,pre,192.16449149955506,207.57911958568738,12.89005021971124,1.903204393534902,61.60832561584681,49.6
2020-01-19,NCP,pre,142.95,153.68502044487215,11.6,1.448,62.929013394797295,72.08223012078945
2020-01-20,NCP,pre,61.71064814814815,93.14444444444445,14.4,0.9456736111111109,52.815680552968686,64.09686376868581
2020-01-21,NCP,pre,91.45,103.4,14.15,1.1275,54.99671886101971,49.75
2020-01-22,NCP,pre,126.475,120.55,12.18125,1.256561720490746,63.50461760069811,61.05
2020-01-23,NCP,pre,142.85,145.5,11.55,1.559,62.92849196864027,66.65
2020-01-24,NCP,pre,144.358388692287,140.5136243817388,6.506944444444443,1.034,21.469887316073756,40.011407134924085
2020-01-01,NEC,pre,143.04166666666666,188.85984848484847,51.66287878787879,2.4471212121212123,65.75378787878788,38.5
2020-01-02,NEC,pre,179.88636363636363,224.20833333333331,73.45833333333333,3.479469696969697,95.9090909090909,35.25
2020-01-03,NEC,pre,177.02272727272728,219.45454545454544,76.89015151515152,4.15310606060606,100.56439393939394,34.25
2020-01-04,NEC,pre,202.79386608015642,240.08333333333334,40.458333333333336,3.8598106060606057,91.73863636363636,42.00757575757576
2020-01-05,NEC,pre,192.29692082111438,245.875,61.00317693059629,2.6912499999999997,82.70075757575758,51.75
2020-01-06,NEC,pre,105.0,126.95833333333334,78.29166666666666,2.3095833333333333,65.14772727272728,34.0
2020-01-07,NEC,pre,127.4659090909091,131.87878787878788,25.541666666666664,1.1101136363636364,51.333333333333336,69.0
2020-01-08,NEC,pre,54.901515151515156,63.3219696969697,15.916666666666666,0.5239393939393939,42.08333333333333,51.291666666666664
2020-01-09,NEC,pre,110.58333333333333,129.95833333333331,31.984848484848484,1.614090909090909,76.4659090909091,48.0
2020-01-10,NEC,pre,116.8580156402737,145.18230694037146,57.58333333333333,2.5636742424242422,84.97348484848484,49.0
2020-01-11,NEC,pre,113.5,114.92179863147605,25.484848484848484,1.4656818181818183,75.46615347018573,43.958333333333336
2020-01-12,NEC,pre,120.79924242424242,149.16666666666669,27.375,1.2702272727272725,58.1780303030303,46.5
2020-01-13,NEC,pre,112.5,116.83333333333333,37.04166666666667,1.873560606060606,57.72348484848485,46.0
2020-01-14,NEC,pre,157.0909090909091,155.8030303030303,43.75,1.5133333333333332,77.0530303030303,42.666666666666664
2020-01-15,NEC,pre,152.72617302052785,194.75757575757575,57.432184750733136,2.6295833333333336,71.625,44.15530303030303
2020-01-16,NEC,pre,153.91666666666669,181.75,34.666666666666664,2.7616666666666667,76.4469696969697,50.25
2020-01-17,NEC,pre,137.2310606060606,179.72348484848484,61.0,2.249090909090909,85.32954545454545,55.0
2020-01-18,NEC,pre,162.28995601173023,216.66287878787878,66.625,2.923598484848485,96.17045454545455,56.78409090909091
2020-01-19,NEC,pre,146.0,196.0,35.0,2.95,82.68633919843597,68.25
2020-01-20,NEC,pre,149.0,148.0,29.0,1.75,60.0,70.5
2020-01-21,NEC,pre,69.25,76.04166666666667,40.95833333333333,1.6854166666666668,59.63636363636364,64.75
2020-01-22,NEC,pre,107.53787878787878,136.41666666666669,25.636363636363637,1.096780303030303,59.196969696969695,53.0
2020-01-23,NEC,pre,141.87878787878788,194.97348484848484,31.59469696969697,1.527840909090909,60.50757575757576,75.0
2020-01-24,NEC,pre,30.147727272727273,42.628787878787875,9.571969696969697,0.5214772727272727,31.74621212121212,20.083333333333336
2020-01-01,NW,pre,40.875,73.25,57.0375,1.7043750000000004,62.89166666666667,39.34583333333333
2020-01-02,NW,pre,60.825,112.125,33.358333333333334,1.7086666666666666,69.35416666666667,45.2875
2020-01-03,NW,pre,124.80416666666666,199.5,73.575,2.4527083333333337,111.45416666666668,46.35
2020-01-04,NW,pre,87.625,140.625,45.858333333333334,1.8894583333333335,89.90416666666667,47.67083333333333
2020-01-05,NW,pre,51.75,67.96666666666667,21.375,0.7219583333333333,44.62083333333334,42.44583333333333
2020-01-06,NW,pre,56.75,43.67916666666666,14.25,0.8043749999999997,48.7625,50.625
2020-01-07,NW,pre,52.5,81.075,32.74583333333334,0.8500000000000001,41.0,49.5
2020-01-08,NW,pre,61.5,79.25,23.875,0.9950416666666666,63.27916666666667,43.5
2020-01-09,NW,pre,59.5,78.625,21.625,0.6227083333333332,40.95,45.17083333333333
2020-01-10,NW,pre,102.625,123.5,26.25,1.26125,35.27083333333333,53.375
2020-01-11,NW,pre,136.5,169.0,58.5,1.17,76.9375,57.0
2020-01-12,NW,pre,142.72916666666666,156.7625,37.0,1.352166666666667,77.0,55.575
2020-01-13,NW,pre,98.0,113.875,29.125,0.6607083333333329,47.30833333333334,49.5
2020-01-14,NW,pre,42.625,51.4375,25.75,1.07,46.34583333333333,55.5
2020-01-15,NW,pre,125.125,178.0,25.0,1.4025,65.59583333333333,44.08333333333334
2020-01-16,NW,pre,87.5,122.375,33.375,1.377625,77.0,56.40416666666667
2020-01-17,NW,pre,116.85416666666666,150.7125,48.75,1.8360000000000003,87.11666666666667,63.0
2020-01-18,NW,pre,82.5,109.0,51.375,1.1484583333333331,74.74166666666667,72.0
2020-01-19,NW,pre,32.7125,80.75,46.5,1.315,43.45833333333333,60.5
2020-01-20,NW,pre,31.549999999999997,66.75,30.5,1.51125,67.78333333333333,61.99166666666666
2020-01-21,NW,pre,57.125,85.0,45.625,1.2557916666666666,80.17083333333333,88.0
2020-01-22,NW,pre,87.82916666666668,124.5,46.858333333333334,1.7931249999999999,79.22916666666667,71.0
2020-01-23,NW,pre,57.5,77.5,22.516666666666666,0.8334166666666666,66.02083333333333,67.5
2020-01-24,NW,pre,37.25,46.65833333333332,2.5,0.6585416666666664,20.5,34.75
2020-01-01,SC,pre,57.42481884057971,66.8787784679089,16.68431868721724,0.8406338087569972,48.79658960202438,58.50631757533932
2020-01-02,SC,pre,69.39923318763898,71.67948393528104,7.659207499424891,0.8277613584080976,80.00497565370753,94.0
2020-01-03,SC,pre,78.65185951997546,93.14445115405262,9.795575492676942,0.9130229756153669,104.30899662602562,155.0
2020-01-04,SC,pre,152.01724656851468,154.2086525189786,13.672932482171612,0.8470422417759375,95.46017560003067,231.1977714515758
2020-01-05,SC,pre,121.07165190552871,116.12757936507936,7.890074572502108,0.629946284794111,69.47789471666283,123.86893834828618
2020-01-06,SC,pre,43.46113315696649,62.14664711295146,7.320479641131815,0.5838086803159266,65.14393834828617,133.6960998006288
2020-01-07,SC,pre,57.72214745801702,86.61123955218159,9.27994785675945,1.0597729947856755,118.7693706387547,135.96308181887892
2020-01-08,SC,pre,61.87116306264857,89.52166628326049,17.91705390690898,0.9586437102216089,111.08751821179358,133.0
2020-01-09,SC,pre,39.66492504409171,77.14011770569742,9.109166283260487,1.0281621808143546,85.85405164481251,123.0
2020-01-10,SC,pre,65.96629859673338,83.02380856529408,7.065590253814891,0.7904539049919483,102.29175389157272,133.73664692124837
2020-01-11,SC,pre,100.42701000690131,93.87412775093935,11.231907062341845,1.0443055747258645,82.41514071006824,91.2227733686067
2020-01-12,SC,pre,25.551595928226362,46.67368970937812,11.83287803849398,1.0287580227743272,42.21872459934053,100.96511483015107
2020-01-13,SC,pre,45.59479621961506,62.15742561920098,20.77101832681543,0.9957261137949542,74.92052948393528,98.81764531094241
2020-01-14,SC,pre,59.10650352733686,85.43137508626639,8.405572808833679,1.0454835806303198,82.74091710758377,158.0
2020-01-15,SC,pre,52.56969269994632,76.50972989034584,7.32810367303121,0.8918420558239399,68.96785714285714,118.4941818112108
2020-01-16,SC,pre,53.15462196150602,65.90459991565065,6.345111571198528,1.0048048845947397,47.656835173683,164.04235679779157
2020-01-17,SC,pre,21.282212828770806,34.25036423587148,9.50917682693045,1.1920942316540144,41.98137221072004,83.23004754236638
2020-01-18,SC,pre,35.73416053216778,42.08789107430412,17.405963883137797,0.9071283164634615,32.669134843953685,85.36600816655164
2020-01-19,SC,pre,49.44662890115789,54.757765892186185,20.298914960509165,0.8768169714745802,27.71380549804463,34.63912372517446
2020-01-20,SC,pre,35.84385208189556,42.6496242619431,18.394339007744804,0.8166838528487079,42.09825358484779,99.64642952994403
2020-01-21,SC,pre,44.41558737826854,48.32016045548653,6.304423548807607,0.8477488977072312,41.27962196150601,108.91059830534466
2020-01-22,SC,pre,51.49852005214324,43.03418737060041,6.447910436316233,0.834472701479948,39.05020703933748,142.75483858599802
2020-01-23,SC,pre,65.44790947780078,55.0,15.235364427574572,0.7665844356261023,37.58142492906985,106.61772486772486
2020-01-24,SC,pre,19.529156122996703,17.370484433709073,9.27719787592976,0.40771486082355646,32.89911433172303,31.102253469825936
2020-01-01,TP,pre,60.921052631578945,87.1842105263158,32.81578947368421,2.619473684210526,63.578947368421055,60.0
2020-01-02,TP,pre,75.60526315789474,87.10526315789474,44.89473684210526,2.757631578947368,47.63157894736842,57.28947368421052
2020-01-03,TP,pre,69.71052631578948,90.84210526315789,27.973684210526315,2.9568421052631577,46.60526315789473,62.5
2020-01-04,TP,pre,48.5,68.28947368421052,32.184210526315795,2.6078947368421055,47.44736842105263,50.5
2020-01-05,TP,pre,32.18421052631579,41.5,13.368421052631579,1.1294736842105264,29.94736842105263,39.0
2020-01-06,TP,pre,25.657894736842106,31.526315789473685,5.026315789473684,0.9731578947368421,46.84210526315789,51.0
2020-01-07,TP,pre,50.526315789473685,74.52631578947368,15.0,2.108421052631579,60.578947368421055,63.5
2020-01-08,TP,pre,64.15789473684211,88.42105263157896,26.5,3.4868421052631575,48.55263157894737,76.60526315789473
2020-01-09,TP,pre,33.36842105263158,48.631578947368425,9.157894736842106,0.5465789473684213,34.65789473684211,51.5
2020-01-10,TP,pre,28.0,24.5,8.052631578947368,1.0915789473684212,37.131578947368425,50.0
2020-01-11,TP,pre,79.63157894736842,80.42105263157896,21.5,2.591842105263158,53.18421052631579,64.5
2020-01-12,TP,pre,46.44736842105263,70.1842105263158,10.0,1.6134210526315789,46.89473684210526,75.34210526315788
2020-01-13,TP,pre,61.71052631578948,75.97368421052632,28.5,1.5494736842105263,60.10526315789473,64.0
2020-01-14,TP,pre,76.3157894736842,82.44736842105263,27.578947368421055,2.683157894736842,50.23684210526316,79.5
2020-01-15,TP,pre,49.44736842105263,56.65789473684211,10.0,1.4847368421052631,42.8421052631579,55.421052631578945
2020-01-16,TP,pre,76.28947368421052,92.55263157894737,31.0,1.6442105263157893,44.526315789473685,64.5
2020-01-17,TP,pre,70.0,123.42105263157896,18.5,2.076315789473684,37.81578947368421,67.0
2020-01-18,TP,pre,46.31578947368421,52.92105263157895,10.55263157894737,1.4602631578947367,42.5,66.39473684210527
2020-01-19,TP,pre,33.84210526315789,90.68421052631578,12.0,1.760526315789474,29.394736842105264,43.5
2020-01-20,TP,pre,47.05263157894737,49.34210526315789,28.5,1.2973684210526317,38.6578947368421,50.0
2020-01-21,TP,pre,53.526315789473685,69.23684210526315,30.0,2.3431578947368426,53.73684210526316,66.0
2020-01-22,TP,pre,41.94736842105263,65.65789473684211,31.36842105263158,2.561315789473684,38.3421052631579,60.5
2020-01-23,TP,pre,37.05263157894737,57.68421052631579,18.5,0.7073684210526316,29.026315789473685,55.0
2020-01-24,TP,pre,1.736842105263161,6.631578947368425,2.789473684210524,0.007894736842105288,2.6315789473684195,14.78947368421052
2020-01-01,YR,pre,29.758542250233425,52.989737621900616,7.827287484438219,0.6125345662802159,51.92836471625687,54.3934172048449
2020-01-02,YR,pre,52.918280163917416,83.89519429531072,7.515514835563855,0.7783679625090778,69.77180925147837,19.13508510348584
2020-01-03,YR,pre,60.03964882249196,95.28370347676108,8.725854309316318,0.8512971547878411,58.66641278270568,19.94566928623301
2020-01-04,YR,pre,78.23722984101047,93.80290146151053,6.826222118477021,0.9809529755420687,70.56889073685029,30.517740299823636
2020-01-05,YR,pre,81.52048948283017,97.59503413865546,7.619411181139123,0.9425362420894283,56.81359360410831,50.45865050186741
2020-01-06,YR,pre,43.55851034858388,68.20781240273887,6.1437301587301585,1.2774170816474737,64.55269880174292,53.245231286959225
2020-01-07,YR,pre,44.09612654320988,65.46855281927586,9.91821827342048,1.4835962570676418,47.644851352578065,26.13791147940658
2020-01-08,YR,pre,47.27809416822284,63.54161314062662,13.856327484697582,1.1996249805477746,51.383074878099386,51.12165000259363
2020-01-09,YR,pre,42.87716785325241,57.66323944392572,7.939772603485839,0.8294485047722793,58.17280916070132,26.391347617750803
2020-01-10,YR,pre,30.65627408833904,38.8134871031746,7.3609561417159455,0.7323919775780683,50.442484405799355,27.313139945793132
2020-01-11,YR,pre,53.47032387955182,54.80064600840335,4.683850276221601,0.9066569382845732,47.0774909871356,49.14758831310302
2020-01-12,YR,pre,100.9035014329806,126.40229909093267,7.071355690424318,1.3603613318938685,69.16358831958709,81.60662931839403
2020-01-13,YR,pre,121.6276220302936,155.1006443873846,8.902296010996992,1.45799144426289,86.88639300627659,62.78659563362382
2020-01-14,YR,pre,133.67271624390497,164.41548367958293,12.37292422061417,1.5916812636165578,83.86164494501504,67.46083193925719
2020-01-15,YR,pre,101.32836643453678,127.68484561417159,9.143637793080195,1.033892501815541,66.09445890393194,30.474768291575895
2020-01-16,YR,pre,27.764705882352946,29.835504201680667,5.059119916485113,0.6060655575656189,44.85524383364457,43.3943065605872
2020-01-17,YR,pre,42.00348146202926,50.92069139692914,11.767100548552753,0.7213835965867829,40.34149503319846,44.80741914358336
2020-01-18,YR,pre,57.31357797748729,67.52108209487498,4.588349835304492,0.7399381441928622,40.142648128695924,50.649864742193174
2020-01-19,YR,pre,64.11636982570806,85.12716658885776,6.337654223726528,1.151658644244735,70.65805335097002,83.18097497795415
2020-01-20,YR,pre,104.55728271864301,131.23114738951136,10.980620817771554,1.246434215815956,78.35566409897292,120.18769176652143
2020-01-21,YR,pre,103.35204342385103,127.40588264472456,8.080431093733788,1.1298795404735968,72.22062230910883,93.61996735268181
2020-01-22,YR,pre,78.88035882871667,93.0217804297645,5.125734742971263,1.0261774675147837,46.860370240688866,45.10853842462911
2020-01-23,YR,pre,31.29276393427741,38.066806722689066,3.8921078107168796,0.9511396734619774,26.878023426963377,63.133372270204376
2020-01-24,YR,pre,21.06702309627555,25.213987349569457,3.260370759414877,0.3657309903127918,7.0,62.77982781538542
2020-01-24,CS,l1,54.90191136869219,61.90357475054964,10.335242425425074,0.7337647361094849,20.769152876972512,51.42688079720043
2020-01-25,CS,l1,41.98104274805188,47.51225217577957,8.3937895965864,0.7855869482496194,13.409817839441128,44.545259467405586
2020-01-26,CS,l1,37.75390306885741,42.89241924572975,5.265447547125629,0.5689832686128348,14.245810242100195,57.14316954819239
2020-01-27,CS,l1,35.498104567510964,38.95,7.709113882059087,0.6570714641142724,14.02664777088293,57.5094662672859
2020-01-28,CS,l1,39.226409703521576,42.864167609829714,4.861627086341699,0.6177597991387946,22.0282330978678,67.2580736382677
2020-01-29,CS,l1,43.02704861517647,43.39476869739427,8.29532939156227,0.6998115251271643,25.645060915323473,79.77700828682563
2020-01-30,CS,l1,43.6224222378332,47.45377200171721,7.007524327101954,0.6770279566535273,26.04464202084065,80.47734197140589
2020-01-31,CS,l1,47.16047463867099,49.082197960166,7.335804420507618,0.7579272772509075,24.387320799021712,80.06697124328403
2020-02-01,CS,l1,42.62205749391823,46.3871113517803,7.251997229052024,0.7230744610961505,25.257118604378878,69.32149712497886
2020-02-02,CS,l1,52.45122920162874,51.533759870689096,8.849071634859307,0.6914648070093276,23.743848462969467,58.26142788380231
2020-02-03,CS,l1,47.07632303009015,44.39009630019904,6.237441458845568,0.6504801236519273,26.257364639841807,72.77933838738633
2020-02-04,CS,l1,45.48158620510219,45.68124438980603,8.544748207990216,0.7120018538032237,26.302839571218566,89.40145751213102
2020-02-05,CS,l1,53.83300680378306,56.198381824922926,8.098091070522578,0.8131110704575317,28.517920910900365,80.54500367508358
2020-02-06,CS,l1,50.182726294084745,55.114632686778805,6.813014999544681,0.7181192824805839,14.099994633727512,52.28607175844619
2020-02-07,CS,l1,29.433333333333334,31.383333333333333,9.811513093704875,0.5124047828123172,14.326606792074829,49.02038500565898
2020-02-08,CS,l1,43.07980671662179,48.9359535378371,5.727480681419038,0.616456964120777,21.30317683331382,54.77585990451287
2020-02-09,CS,l1,45.792126702571906,53.82554638410803,4.99767494048316,0.6533844267520067,19.745238815387218,62.69254299522564
2020-02-10,CS,l1,38.37212058827355,41.93084923701362,9.004976648583956,0.7548272629408473,21.09487748637292,60.22294748207991
2020-02-11,CS,l1,38.42950945764873,40.5572981305858,5.073137903446122,0.8052714358193811,21.61964820018473,62.24454038689199
2020-02-12,CS,l1,41.433502777452546,44.97348280841432,6.598444106206664,0.8242350573703313,26.952024385643107,75.57894372243688
2020-02-13,CS,l1,44.68317023117251,45.01803669229468,8.37077430433595,0.8491476977064876,26.113891165489342,82.80337457232434
2020-02-14,CS,l1,40.98461538461538,47.723504436118596,7.560829950955522,0.8253408688808235,23.210217870663076,78.71446259220231
2020-02-15,CS,l1,37.79294871794872,52.61025641025641,4.783151205297324,0.6105846375001627,9.193603240578128,54.270534448217106
2020-02-16,CS,l1,25.1,37.69102564102565,5.397644531605719,0.44896747551028376,17.03907914764079,79.21678326113258
2020-02-17,CS,l1,27.669819758290075,40.61802400837789,5.8421067010108105,0.49128042026044316,20.181634989397544,74.43631551730867
2020-02-18,CS,l1,38.6719526076832,47.745359475211075,9.495791216225006,0.622396663479426,23.10598810964108,78.352494991479
2020-02-19,CS,l1,46.33363059230639,54.54787772053754,7.954433354147967,0.6978264271032537,27.451068538682694,79.32613521055302
2020-02-20,CS,l1,44.078599467925955,48.628810703924856,7.772084975737943,0.7758742275819903,26.603319446070586,83.1699355396844
2020-02-21,CS,l1,55.91385717909691,61.92739677243101,4.894334842394203,0.6807210400161314,25.866953518323385,81.46796546722345
2020-02-22,CS,l1,46.90567832936554,58.8689224524841,7.61379668657066,0.7291264212491382,29.305539294123765,75.5551034877519
2020-02-23,CS,l1,52.47163437146314,67.46059350973735,10.940797493137676,0.7846674358323902,27.408541804888834,81.44184570503063
2020-02-24,CS,l1,45.35642310294136,60.785735634651154,8.155943553317982,0.757833813045571,30.23239813839129,86.72292000026019
2020-02-25,CS,l1,54.38060694167999,67.79685894183612,7.240167850498899,0.8771767942863834,33.21977666549584,83.43365839935475
2020-02-26,CS,l1,58.55087128751511,61.559809220882286,4.72574347266128,0.7540320415251922,21.674263519754387,32.87737319335493
2020-01-24,MG,l1,219.46938775510202,263.53061224489795,70.48979591836735,1.7879591836734696,54.12244897959184,83.0204081632653
2020-01-25,MG,l1,487.1836734693878,540.4897959183673,197.36734693877554,2.3389795918367353,69.81632653061226,88.85714285714286
2020-01-26,MG,l1,130.3469387755102,140.06122448979593,34.22448979591837,1.6026530612244898,50.42857142857143,86.0408163265306
2020-01-27,MG,l1,111.06122448979593,128.9591836734694,34.38775510204082,1.793061224489796,45.897959183673464,74.34693877551021
2020-01-28,MG,l1,106.93877551020408,118.9387755102041,29.3469387755102,1.7334693877551017,35.83673469387755,73.48979591836735
2020-01-29,MG,l1,78.9183673469388,90.3469387755102,30.918367346938776,1.1687755102040815,28.3469387755102,68.6734693877551
2020-01-30,MG,l1,70.6530612244898,87.34693877551021,28.428571428571427,1.3693877551020408,32.24489795918367,75.55102040816327
2020-01-31,MG,l1,90.44897959183673,113.28571428571429,48.51020408163265,1.711020408163265,34.40816326530612,75.26530612244898
2020-02-01,MG,l1,62.897959183673464,87.59183673469389,27.0,1.2881632653061224,32.30612244897959,66.10204081632652
2020-02-02,MG,l1,65.53061224489795,80.30612244897958,21.142857142857142,1.456734693877551,30.83673469387755,68.06122448979592
2020-02-03,MG,l1,35.3265306122449,43.163265306122454,33.755102040816325,0.9804081632653063,27.755102040816325,70.6938775510204
2020-02-04,MG,l1,34.6530612244898,46.12244897959184,19.979591836734695,1.0518367346938775,23.30612244897959,70.44897959183673
2020-02-05,MG,l1,32.6734693877551,44.3469387755102,25.489795918367342,1.0157142857142858,31.30612244897959,71.71428571428572
2020-02-06,MG,l1,65.3061224489796,78.30612244897958,34.83673469387755,1.4069387755102039,35.755102040816325,83.26530612244898
2020-02-07,MG,l1,58.12244897959183,69.77551020408164,36.57142857142857,1.2334693877551024,33.48979591836735,81.22448979591837
2020-02-08,MG,l1,164.22448979591837,190.24489795918367,50.30612244897959,1.553469387755102,37.53061224489796,91.3469387755102
2020-02-09,MG,l1,124.81632653061226,148.71428571428572,33.306122448979586,1.586938775510204,34.83673469387755,89.42857142857143
2020-02-10,MG,l1,58.95918367346939,72.73469387755101,39.44897959183673,1.2765306122448976,39.08163265306123,94.08163265306122
2020-02-11,MG,l1,49.469387755102034,68.06122448979592,30.42857142857143,1.312448979591837,35.16326530612245,103.24489795918367
2020-02-12,MG,l1,55.59183673469388,71.79591836734693,29.061224489795915,1.2322448979591838,35.08163265306123,100.73469387755102
2020-02-13,MG,l1,64.12244897959184,80.89795918367348,22.40816326530612,1.306938775510204,36.204081632653065,76.73469387755102
2020-02-14,MG,l1,17.326530612244895,65.28571428571429,11.612244897959185,0.506938775510204,12.448979591836734,61.77551020408163
2020-02-15,MG,l1,16.102040816326532,29.71428571428572,12.999999999999998,0.48122448979591836,10.122448979591836,68.61224489795919
2020-02-16,MG,l1,11.183673469387756,18.163265306122447,13.469387755102042,0.4606122448979591,9.10204081632653,69.08163265306122
2020-02-17,MG,l1,27.877551020408166,38.204081632653065,24.448979591836732,0.8891836734693878,29.693877551020407,74.44897959183673
2020-02-18,MG,l1,28.632653061224485,61.775510204081634,30.938775510204085,1.0310204081632655,30.40816326530612,81.30612244897961
2020-02-19,MG,l1,62.693877551020414,158.34693877551018,20.857142857142858,1.0120408163265309,41.89795918367347,80.18367346938776
2020-02-20,MG,l1,51.387755102040806,153.3673469387755,33.0204081632653,1.0006122448979593,36.183673469387756,69.14285714285714
2020-02-21,MG,l1,46.142857142857146,164.71428571428572,28.85714285714286,0.826938775510204,24.20408163265306,73.91836734693877
2020-02-22,MG,l1,18.224489795918366,32.63265306122449,23.10204081632653,0.6420408163265305,28.204081632653065,76.6938775510204
2020-02-23,MG,l1,37.87755102040816,82.08163265306125,35.51020408163265,1.0024489795918365,41.857142857142854,87.55102040816325
2020-02-24,MG,l1,51.79591836734694,106.57142857142858,33.77551020408163,1.1591836734693874,38.55102040816327,87.99999999999999
2020-02-25,MG,l1,55.755102040816325,103.85714285714286,19.51020408163265,0.8814285714285713,29.57142857142857,78.28571428571429
2020-02-26,MG,l1,35.51020408163266,59.02040816326531,11.020408163265307,0.6783673469387753,16.89795918367347,42.0
2020-01-24,NCP,l1,218.6625,221.74375,15.702546296296296,1.7656875,29.002846933355407,64.35
2020-01-25,NCP,l1,111.36680083883473,119.81275963521725,23.497222222222227,0.9630000000000001,29.51651628346544,63.7
2020-01-26,NCP,l1,134.30380493643204,140.7464734535709,17.599305555555556,1.1745579337486116,26.061444213350995,72.9
2020-01-27,NCP,l1,107.69061769210076,104.37654323861952,13.38935185185185,1.078779244531363,38.64163777998524,74.2381529252292
2020-01-28,NCP,l1,106.69432324972578,107.23980412243124,16.3,1.2337428774928774,41.08667828169947,78.55
2020-01-29,NCP,l1,78.65,76.15,12.8,1.054,40.198781499417095,84.2
2020-01-30,NCP,l1,54.83320347261024,64.07561136289951,15.95,1.1139773153321881,29.92399806329891,99.0
2020-01-31,NCP,l1,96.13871112801198,95.77873552216772,14.8,1.1061763130936861,38.448081234521915,105.7
2020-02-01,NCP,l1,106.89375,110.9,14.75,1.282,31.288967184729895,81.41115469981996
2020-02-02,NCP,l1,63.95,68.15,9.506944444444445,0.803,20.11512217772811,86.325
2020-02-03,NCP,l1,60.9,62.05,10.15,0.7085,25.761169703648516,84.21943017356153
2020-02-04,NCP,l1,63.45,69.65,12.3,1.5499999999999998,34.91372138925105,80.87477494257155
2020-02-05,NCP,l1,59.45,61.7625,7.8,0.6839999999999998,20.443157693687354,57.518699297406926
2020-02-06,NCP,l1,41.8,45.65,7.075462962962963,0.7135,21.418641868959668,40.75
2020-02-07,NCP,l1,74.52566202237813,73.45,8.836366133082235,0.8587165276656803,24.991289199657842,60.9
2020-02-08,NCP,l1,88.43730736463787,94.25,11.560820778405526,0.9135,33.47045668549906,82.65
2020-02-09,NCP,l1,111.42421505832523,113.24281894345454,9.920017263025734,1.0589871182646606,43.89659037995902,89.6
2020-02-10,NCP,l1,94.82841535426282,98.6318783931072,17.4,1.1380957593489374,42.976607177348704,108.7
2020-02-11,NCP,l1,82.31633257279444,73.98784224250326,12.2,1.364189340555866,42.6536027727765,95.1
2020-02-12,NCP,l1,75.10748859191655,72.20200723632928,11.55,0.9267166074274125,41.340382028517624,102.4
2020-02-13,NCP,l1,73.71177550478399,76.09151559363424,9.65,1.1490407056455785,35.592998342680545,74.0
2020-02-14,NCP,l1,64.8,115.7375,6.3,0.841,21.119883349544367,57.3
2020-02-15,NCP,l1,17.25,39.25,4.7,0.5574999999999999,10.36024420886709,53.925
2020-02-16,NCP,l1,15.1,25.17044883866917,6.5,0.4085,15.51510984699544,69.51120764436442
2020-02-17,NCP,l1,20.875,24.0875,10.240071863165085,0.48950000000000016,33.78435053254968,73.50718398832805
2020-02-18,NCP,l1,36.30915901816326,41.9,14.05,0.7224074819954057,41.440548234721966,88.7
2020-02-19,NCP,l1,53.05449356042576,50.85,14.655324074074073,0.7612326554879522,42.89392629498562,88.3
2020-02-20,NCP,l1,65.40591896725371,99.75,11.660440207156308,0.736238585880535,27.866878962217946,61.698902047419
2020-02-21,NCP,l1,55.5548611111111,80.95,7.083164626490897,0.6289398148148146,43.774695611983745,73.65
2020-02-22,NCP,l1,46.7875,97.0125,8.092196327683617,0.5824999999999999,42.68589502148824,81.21428524002677
2020-02-23,NCP,l1,45.6,83.4,10.7,0.6315,42.08898309396191,102.45
2020-02-24,NCP,l1,60.003551423466675,77.4716600097956,10.623611111111117,0.8150095110476466,42.74506848299221,67.25
2020-02-25,NCP,l1,64.65768411594682,71.0125,14.66875,0.9922847787021515,36.50759029890386,84.69702928505895
2020-02-26,NCP,l1,55.70625,65.2,5.8,0.6336875,28.24981331443196,29.525
2020-01-24,NEC,l1,206.96212121212122,256.6060606060606,61.28030303030303,0.9446969696969696,49.75,51.58333333333333
2020-01-25,NEC,l1,502.4621212121212,664.8371212121212,142.27981427174976,1.593219696969697,62.09090909090909,57.5
2020-01-26,NEC,l1,265.2121212121212,290.6060606060606,49.461021505376344,1.737272727272727,61.95833333333333,63.5530303030303
2020-01-27,NEC,l1,173.25,202.4318181818182,56.0,1.9345833333333333,55.79924242424242,51.21590909090909
2020-01-28,NEC,l1,234.56060606060606,268.29166666666663,32.5,2.013863636363636,53.65530303030303,96.20833333333334
2020-01-29,NEC,l1,129.5530303030303,153.87878787878788,23.465909090909093,1.0701515151515153,24.310606060606062,81.2689393939394
2020-01-30,NEC,l1,83.60227272727272,80.07575757575758,24.553885630498534,0.7804924242424245,34.63257575757576,62.93939393939394
2020-01-31,NEC,l1,180.38709677419354,203.6780303030303,45.71212121212121,1.6632196969696966,75.54545454545455,66.98106060606061
2020-02-01,NEC,l1,185.0,214.0,25.708333333333332,1.9587500000000002,73.16666666666667,68.25
2020-02-02,NEC,l1,67.25,85.75,25.791666666666668,1.581628787878788,55.265151515151516,56.5
2020-02-03,NEC,l1,53.25,70.25,25.65530303030303,1.1475000000000002,49.30681818181818,56.0
2020-02-04,NEC,l1,45.5,60.958333333333336,17.768939393939394,0.9129166666666668,40.81818181818182,47.875
2020-02-05,NEC,l1,40.0,43.515151515151516,21.526515151515152,0.5201136363636363,22.375,46.04166666666667
2020-02-06,NEC,l1,116.20833333333334,131.71212121212122,42.84469696969697,1.8904924242424241,50.60227272727273,54.25
2020-02-07,NEC,l1,75.2159090909091,92.8409090909091,40.78030303030303,1.8248863636363635,52.57954545454545,61.0
2020-02-08,NEC,l1,112.08333333333334,122.16666666666666,68.81818181818181,2.0336742424242424,45.71212121212121,69.0
2020-02-09,NEC,l1,194.2651515151515,263.31439393939394,38.625,3.205719696969697,54.07575757575758,85.5
2020-02-10,NEC,l1,197.16287878787878,266.0,38.41666666666667,3.544469696969697,75.10227272727273,87.0
2020-02-11,NEC,l1,83.125,107.875,22.541666666666668,1.4741666666666666,39.375,92.3939393939394
2020-02-12,NEC,l1,42.75,49.0,24.875,0.8829166666666668,34.79166666666667,79.30681818181819
2020-02-13,NEC,l1,97.91666666666666,113.41666666666667,26.375,1.17875,44.708333333333336,65.99242424242424
2020-02-14,NEC,l1,35.375,47.708333333333336,11.276515151515152,0.4341666666666667,15.954545454545455,40.4469696969697
2020-02-15,NEC,l1,27.623533724340177,87.91666666666666,18.59090909090909,0.47666666666666674,21.738636363636363,51.79545454545455
2020-02-16,NEC,l1,26.674242424242426,214.87121212121212,10.632575757575758,0.3630681818181818,10.238636363636363,47.49242424242425
2020-02-17,NEC,l1,44.18939393939394,57.20833333333333,16.59469696969697,0.7473863636363636,50.88257575757576,58.25
2020-02-18,NEC,l1,78.33333333333333,106.08333333333334,65.81060606060606,2.2975,64.11742424242425,70.25
2020-02-19,NEC,l1,161.41666666666666,183.28787878787878,54.25,2.2854924242424244,76.89015151515152,78.25
2020-02-20,NEC,l1,157.2689393939394,172.42045454545456,46.89393939393939,2.1456060606060605,75.4659090909091,77.66666666666667
2020-02-21,NEC,l1,107.16287878787878,140.1780303030303,19.708333333333332,2.245340909090909,44.25,44.0
2020-02-22,NEC,l1,88.0,97.33333333333334,12.844696969696969,0.7581060606060607,41.63636363636363,55.45833333333333
2020-02-23,NEC,l1,39.875,59.38257575757575,39.333333333333336,2.3503409090909093,54.723484848484844,80.75
2020-02-24,NEC,l1,49.291666666666664,71.125,14.65909090909091,0.7229545454545454,53.17045454545455,73.75
2020-02-25,NEC,l1,38.95869990224829,41.198558162267844,15.696969696969697,0.46765151515151515,29.265151515151516,64.83333333333333
2020-02-26,NEC,l1,30.329912023460416,32.036656891495596,6.9356060606060606,0.30893939393939396,12.742424242424242,37.41666666666667
2020-01-24,NW,l1,75.0,95.0,14.25,0.7844583333333333,34.1875,72.75
2020-01-25,NW,l1,117.475,149.6875,44.87916666666667,1.4782083333333333,32.97083333333333,85.625
2020-01-26,NW,l1,69.0,79.375,26.5625,0.7275,25.325,66.0
2020-01-27,NW,l1,52.375,71.125,26.125,0.6566666666666668,35.454166666666666,72.0
2020-01-28,NW,l1,65.875,96.0,45.0,1.45625,34.170833333333334,81.0
2020-01-29,NW,l1,45.125,69.875,35.0,1.3962500000000002,55.75416666666666,91.0
2020-01-30,NW,l1,26.700000000000003,37.09166666666667,37.625,1.1465833333333335,64.52916666666667,99.125
2020-01-31,NW,l1,30.2125,42.125,55.38333333333333,1.1993749999999999,56.2625,107.0
2020-02-01,NW,l1,36.0,42.5,16.97083333333333,0.7521666666666664,48.37083333333334,68.75
2020-02-02,NW,l1,53.5,65.0,23.0,1.295,33.208333333333336,73.5
2020-02-03,NW,l1,49.724999999999994,46.5625,48.625,1.0412499999999998,51.78333333333333,92.25
2020-02-04,NW,l1,50.25,53.36666666666666,40.979166666666664,1.2750000000000001,46.88333333333333,100.75
2020-02-05,NW,l1,41.75,30.375,23.5,0.7063333333333336,35.78333333333333,62.854166666666686
2020-02-06,NW,l1,65.5,93.875,36.016666666666666,0.9104583333333331,45.55833333333334,74.59166666666668
2020-02-07,NW,l1,68.50833333333333,86.5,39.94166666666666,1.2155833333333335,44.34166666666667,95.0
2020-02-08,NW,l1,75.94166666666666,76.875,28.5,0.8949999999999998,50.74583333333334,85.0
2020-02-09,NW,l1,111.5,137.875,46.6875,1.3512499999999998,46.78333333333333,102.5
2020-02-10,NW,l1,31.5,49.25,37.00416666666666,1.04,61.19166666666666,93.0
2020-02-11,NW,l1,32.875,54.625,33.75,1.06875,59.141666666666666,127.0
2020-02-12,NW,l1,51.579166666666666,68.875,38.375,1.0925,67.42083333333333,126.0
2020-02-13,NW,l1,62.625,373.375,51.625,1.48875,57.22083333333333,93.5
2020-02-14,NW,l1,57.0,180.25,12.5,0.4599999999999999,19.0,37.75
2020-02-15,NW,l1,38.4625,134.54583333333332,10.620833333333335,0.4826666666666669,21.758333333333333,58.625
2020-02-16,NW,l1,36.325,133.34583333333333,18.625,0.5899999999999999,30.72083333333333,75.125
2020-02-17,NW,l1,39.420833333333334,182.77916666666667,32.625,0.7649999999999999,64.99583333333334,94.0
2020-02-18,NW,l1,45.54166666666667,213.1625,51.729166666666664,0.975,58.7125,79.0
2020-02-19,NW,l1,43.93333333333334,190.59166666666664,38.72083333333333,1.2449999999999999,78.65,92.0
2020-02-20,NW,l1,83.625,257.625,45.0,0.8,70.375,61.675
2020-02-21,NW,l1,29.0,92.94999999999999,16.5,0.6625,52.2875,80.5
2020-02-22,NW,l1,40.75,105.05000000000001,25.375,0.855,80.35416666666666,99.5
2020-02-23,NW,l1,47.375,93.875,40.625,0.9976249999999999,81.44583333333333,109.0
2020-02-24,NW,l1,51.75,94.03333333333333,48.541666666666664,1.6183333333333332,77.3625,75.62916666666666
2020-02-25,NW,l1,88.99583333333334,115.25,34.125,1.0685416666666665,79.49583333333334,98.5
2020-02-26,NW,l1,42.375,59.125,5.366666666666667,0.6162500000000001,50.6125,33.725
2020-01-24,SC,l1,26.38362568054597,23.76859999233188,9.41076987961046,0.4771018422666974,34.91042193850165,86.56360420979986
2020-01-25,SC,l1,77.322206885975,70.97835576259489,16.85459895713519,0.8964560424814049,14.063181504485852,66.43284736599954
2020-01-26,SC,l1,17.074074074074076,19.977703013572583,5.500848286174373,0.9154615539452498,11.017232190782913,36.89211812744422
2020-01-27,SC,l1,17.0,13.0,5.694202898550724,0.6029024518825243,9.04168391994479,47.938566827697265
2020-01-28,SC,l1,17.54049823633157,14.78412698412698,8.632668123610152,0.5061570144160724,11.121825396825395,60.75970880300591
2020-01-29,SC,l1,30.881967448815274,28.91496434322521,8.451632351813512,0.5371446879073691,14.585537918871252,76.04866478797638
2020-01-30,SC,l1,36.26433555708918,32.09452304271144,9.44978145847711,0.5026317000230044,21.998445287938047,90.8922820335864
2020-01-31,SC,l1,36.60567728701787,36.367975998773105,10.344093627789281,0.5294785867648186,32.6272266313933,101.78340618050761
2020-02-01,SC,l1,46.292636684303346,34.297486772486785,8.074083659228586,0.5151983360171766,32.17641093474427,112.03169810597348
2020-02-02,SC,l1,56.189742926155965,49.66999079825167,8.384934054136952,0.5706316329269228,24.22983379342075,97.4145771029829
2020-02-03,SC,l1,64.01446016409784,59.876266198911125,11.691300513764283,0.5725964937504793,27.0007533931447,73.61649988497814
2020-02-04,SC,l1,27.855058086036347,27.0,8.626468445671344,0.5668856491066635,15.47388237098382,49.38741948470209
2020-02-05,SC,l1,26.313898474043402,22.893051721493745,11.694137719500038,0.5359686757150526,16.520391457710293,42.745676136799325
2020-02-06,SC,l1,39.91942239858906,38.23963365539451,6.672453224445978,0.5063931446974925,23.98217640518365,78.12451786672801
2020-02-07,SC,l1,44.0,46.0,17.652286059351276,0.4928026416685837,24.69480005367686,38.913264895330116
2020-02-08,SC,l1,18.439172609462464,16.0,8.567195767195766,0.4699182673874702,11.696714209033052,51.35151349589754
2020-02-09,SC,l1,28.52607353730542,22.58657790813588,8.470119239322138,0.4864430066712676,10.059739475500344,64.32166149068323
2020-02-10,SC,l1,46.550843493597114,43.009381949237024,10.514715129207882,0.592458103289625,22.95466413618588,60.99122287401273
2020-02-11,SC,l1,58.454337282416994,49.39019726247987,7.518774442144007,0.6911116670500729,28.616621616440458,68.22990280653325
2020-02-12,SC,l1,63.285902154742736,54.97486772486772,7.608888313779618,0.7181911854919101,38.97236216547811,86.6341816195077
2020-02-13,SC,l1,44.04762096464995,52.104776282493674,7.867661605705084,0.6683759585154512,35.64952936891343,69.0
2020-02-14,SC,l1,28.832690169465533,18.572688060731537,6.561191626409018,0.49586005674411476,28.267283950617283,41.53863200674794
2020-02-15,SC,l1,18.0,18.0,6.543019131968407,0.7189251111877923,22.36345180584311,53.935571466912045
2020-02-16,SC,l1,5.958227896633692,9.493115942028986,6.455393566444291,0.6966285081665516,11.705159688674184,45.01655643738977
2020-02-17,SC,l1,20.0,20.109832451499116,7.453574304117782,0.5090966279426424,15.418224254274978,72.18550628786136
2020-02-18,SC,l1,25.30515873015873,30.2255291005291,8.339033624722031,0.6202010582010582,40.069885361552025,92.17819569051453
2020-02-19,SC,l1,45.212698412698415,43.30485008818342,9.247119661068936,0.6375183555708919,41.02984912966798,139.38985794801013
2020-02-20,SC,l1,36.179761904761904,35.02345679012346,8.37484184495054,0.5884804175293306,44.11040564373898,125.19435817805383
2020-02-21,SC,l1,43.16750440917107,40.53121693121693,10.321349973161567,0.6694680047542367,56.98813932980599,191.4817134422207
2020-02-22,SC,l1,58.74465148378192,60.62513994325589,10.358018940265318,0.6976293229046853,57.70160359634998,131.51527394371598
2020-02-23,SC,l1,39.91400103519669,50.11099033816424,8.28977359865041,0.5882911778237865,36.53915535618434,136.29656084656085
2020-02-24,SC,l1,28.154468599033816,58.7147678475577,10.428328924162258,0.4830428648109807,35.12597289318304,131.28304002760524
2020-02-25,SC,l1,30.113931063568746,36.15046392147841,9.392330917874396,0.494393528103673,38.32806341538226,130.0152729852005
2020-02-26,SC,l1,10.03932980599647,16.75727992485239,6.937133847097615,0.38478606893643125,28.057846407484092,21.779011387163564
2020-01-24,TP,l1,29.55263157894737,29.76315789473684,5.157894736842106,1.1807894736842104,26.842105263157897,46.5
2020-01-25,TP,l1,56.1578947368421,64.8157894736842,20.0,1.7357894736842105,26.684210526315788,63.0
2020-01-26,TP,l1,39.0,44.0,28.0,1.3284210526315792,23.315789473684212,60.5
2020-01-27,TP,l1,40.71052631578947,51.0,31.263157894736842,1.2573684210526317,32.94736842105263,65.0
2020-01-28,TP,l1,42.3421052631579,52.76315789473684,29.210526315789473,1.7921052631578949,27.10526315789474,63.5
2020-01-29,TP,l1,41.973684210526315,45.0,56.0,1.3626315789473682,46.26315789473684,57.5
2020-01-30,TP,l1,26.13157894736842,56.31578947368421,28.5,1.8010526315789472,28.184210526315788,60.0
2020-01-31,TP,l1,24.63157894736842,29.263157894736842,32.684210526315795,1.4307894736842104,22.0,55.5
2020-02-01,TP,l1,35.55263157894737,82.76315789473685,33.526315789473685,0.9189473684210524,23.710526315789473,59.21052631578951
2020-02-02,TP,l1,20.526315789473685,60.10526315789474,8.868421052631579,1.106842105263158,17.578947368421055,43.5
2020-02-03,TP,l1,24.815789473684212,34.421052631578945,24.736842105263158,1.2313157894736841,28.236842105263158,45.5
2020-02-04,TP,l1,28.0,32.0,26.5,1.5734210526315793,34.44736842105263,52.0
2020-02-05,TP,l1,29.526315789473685,36.44736842105263,28.236842105263158,1.2426315789473685,22.052631578947366,59.5
2020-02-06,TP,l1,30.44736842105263,38.13157894736842,22.052631578947366,1.361578947368421,38.31578947368421,51.5
2020-02-07,TP,l1,29.81578947368421,39.89473684210526,25.236842105263158,2.1657894736842107,26.60526315789474,57.5
2020-02-08,TP,l1,31.973684210526315,39.368421052631575,30.342105263157894,1.0349999999999997,21.078947368421055,54.0
2020-02-09,TP,l1,43.8421052631579,54.76315789473684,21.342105263157894,1.361842105263158,28.921052631578945,54.0
2020-02-10,TP,l1,22.5,29.263157894736842,26.5,1.8039473684210527,26.0,50.5
2020-02-11,TP,l1,22.0,33.5,32.0,1.5876315789473687,34.28947368421053,62.0
2020-02-12,TP,l1,32.0,39.0,51.0,2.0810526315789475,39.55263157894737,61.0
2020-02-13,TP,l1,35.76315789473684,191.6315789473684,42.5,1.745,33.23684210526316,69.5
2020-02-14,TP,l1,16.0,49.131578947368425,8.63157894736842,0.40499999999999997,16.315789473684212,44.31578947368421
2020-02-15,TP,l1,21.842105263157897,66.89473684210526,8.289473684210524,0.6255263157894737,23.815789473684212,54.5
2020-02-16,TP,l1,26.289473684210527,38.0,29.0,1.0202631578947368,22.815789473684212,57.5
2020-02-17,TP,l1,25.31578947368421,38.5,21.5,1.6323684210526315,26.89473684210526,67.5
2020-02-18,TP,l1,24.421052631578945,25.447368421052627,19.868421052631586,0.7952631578947369,32.1578947368421,50.52631578947368
2020-02-19,TP,l1,26.0,35.868421052631575,22.0,2.146315789473684,28.10526315789474,53.5
2020-02-20,TP,l1,29.763157894736842,115.07894736842104,4.657894736842103,0.36973684210526303,22.315789473684212,38.0
2020-02-21,TP,l1,33.94736842105263,75.02631578947368,6.5263157894736885,0.605,23.289473684210527,48.5
2020-02-22,TP,l1,37.026315789473685,64.42105263157896,24.210526315789473,1.5226315789473686,35.10526315789474,53.5
2020-02-23,TP,l1,30.94736842105263,44.65789473684211,31.89473684210526,1.5597368421052633,36.26315789473684,42.76315789473684
2020-02-24,TP,l1,40.0,51.26315789473684,23.0,1.455,29.60526315789474,56.0
2020-02-25,TP,l1,43.60526315789474,63.5,30.0,1.595,27.36842105263158,65.5
2020-02-26,TP,l1,15.210526315789473,28.789473684210527,1.8947368421052637,0.1531578947368421,1.7368421052631593,18.84210526315789
2020-01-24,YR,l1,65.16335226683266,83.26356851073763,4.4364321376698825,0.7639123615649964,17.519985864716258,84.52982781538542
2020-01-25,YR,l1,42.1,63.75,4.200743366791161,0.6066952967761179,14.41108339169001,70.97575811806205
2020-01-26,YR,l1,20.03141138862953,23.285511009959542,3.4759799382716046,0.470181011386036,16.646691792457723,73.12532079961615
2020-01-27,YR,l1,36.136659663865544,40.365966386554625,3.6420436832140264,0.8233705084811702,15.122608381315489,71.97587470173255
2020-01-28,YR,l1,51.88657624623924,54.739293916640726,4.425519504097936,0.8624609862926652,13.851599167444755,64.68458015613653
2020-01-29,YR,l1,60.72759884972508,65.37840556593008,6.37253284184044,0.7543039351851851,16.20584707957257,101.1847225140056
2020-01-30,YR,l1,98.89898323218176,109.47372007599336,10.314381257132483,1.2165265860047725,20.502899970173253,109.2172513032991
2020-01-31,YR,l1,93.21250813751426,101.65953622652765,10.036009732596742,1.0674397104212054,42.6001163243075,114.98184896643843
2020-02-01,YR,l1,56.81988010945119,65.49818235164436,8.827697342826019,0.8794640600684718,40.42160124234879,99.06468309082892
2020-02-02,YR,l1,42.80931784287789,46.042917088131546,5.712225107635648,0.5653285101540616,32.48802816033821,98.51650433784624
2020-02-03,YR,l1,62.53353314010789,75.2399143129474,7.325336977383546,0.7508315592903829,30.688242069976138,110.49075046685341
2020-02-04,YR,l1,39.65543712392365,54.753037075941485,6.907046860410831,0.6644060198153335,27.460101605456998,97.92902680516652
2020-02-05,YR,l1,34.506959876543206,41.071614113237885,9.126652174758792,0.5669246187363834,28.219268110021787,103.67445420297749
2020-02-06,YR,l1,23.257965556593007,35.49656827082685,6.6135091814503575,0.5010183019504098,11.773342800082997,73.25086410026974
2020-02-07,YR,l1,25.748410915292045,32.24927456167652,5.739179634816888,0.474210087275651,15.593661686896981,72.32543773991078
2020-02-08,YR,l1,33.440645911142234,40.37942476527648,4.893969161738769,0.6403005686533874,17.65822404424733,73.6995014070443
2020-02-09,YR,l1,51.06295187519452,57.00348749221911,7.11127765458035,0.7193386100736591,31.830075507054673,97.1944170492271
2020-02-10,YR,l1,37.50113127658471,43.509656668222846,8.804406026299409,0.6934278896280734,26.39759363004461,94.6874365857454
2020-02-11,YR,l1,28.822245597313,36.14615870422243,6.088129441591452,0.6160270719862019,23.218800543365493,69.04574301016703
2020-02-12,YR,l1,33.70249173280423,43.595310100892206,7.075512241933811,0.9521956096327419,37.69600049278971,69.78746984905074
2020-02-13,YR,l1,32.404405053688144,38.057573075526506,4.723517675588754,0.7669348318030916,28.608579987550577,54.703938686585744
2020-02-14,YR,l1,21.405229309316315,25.44894957983193,6.646767137410517,0.5980664069794583,22.778615617543313,50.793994644153955
2020-02-15,YR,l1,16.331899898848427,20.898529411764702,5.189004597209254,0.82525153315956,23.781650099854758,50.48376637228966
2020-02-16,YR,l1,24.627886159093265,39.67203253060483,5.147331446467476,0.6398701820079884,10.836006847183318,85.0088139329806
2020-02-17,YR,l1,16.396472987343085,28.20688148407511,5.573430659300757,0.5486132103304285,17.385125207490404,93.97291459176263
2020-02-18,YR,l1,25.741200429245772,33.75576936793236,8.072241966230937,0.5938795064322024,35.82301314970432,100.98478057889822
2020-02-19,YR,l1,25.90040804284677,33.84322851825915,5.718758429297645,0.5664341211484593,26.335812746394854,95.1100070352215
2020-02-20,YR,l1,33.80697735112564,45.55585881574852,9.466358705519243,0.5953334117906423,41.699411829546634,106.38822271501193
2020-02-21,YR,l1,39.87326713092644,48.85235540512501,7.6096437973337485,0.5563810985968461,28.4830871978421,80.60694930750078
2020-02-22,YR,l1,56.536798163709925,119.4652339778504,8.834952471729432,0.5932497844045026,34.72496223026248,120.4207820442992
2020-02-23,YR,l1,59.16599186896981,122.2558093746758,6.934758986928104,0.6668955707282914,29.34982959850607,131.88759706660443
2020-02-24,YR,l1,44.13300488250856,79.44401639822595,8.944415590310198,0.7451517857142858,39.26872613860359,118.44609901831103
2020-02-25,YR,l1,85.15711053402843,101.60752126776636,7.373844019089117,0.9075391527907459,38.45496388370163,78.31997065956011
2020-02-26,YR,l1,46.17563119229173,59.04353524743231,4.373906914617699,0.6709229636762112,20.29547518544455,44.44933823529412
2020-02-26,CS,l2,63.63005486607084,65.23599598017407,6.125743472661281,0.9543697426791036,28.736356333502453,67.3275958123561
2020-02-27,CS,l2,49.169754875177254,59.6644368991401,4.906007298130586,0.8152379941849118,28.592047834627742,52.09704838751642
2020-02-28,CS,l2,34.34599968778051,37.067547385812226,4.237543255408553,0.763862903120894,29.99054674185953,55.66503515721552
2020-02-29,CS,l2,28.865677483771094,37.83184703846804,5.745537375274818,0.877868300290104,31.567307692307693,82.96923906256099
2020-03-01,CS,l2,36.02964459014687,44.89449143998231,6.023182947612171,0.8274846833574002,30.736592612106307,78.23173613550325
2020-03-02,CS,l2,31.405907940782367,45.027517594869195,6.727142118409242,0.6929403254237729,25.292062795144986,57.34846215639594
2020-03-03,CS,l2,22.62432498796654,34.29730466768138,7.608609777673704,0.6354147884712954,26.562689445680313,58.58394964159805
2020-03-04,CS,l2,33.9296593880498,40.26741680651498,6.2875079681015755,0.665762643263214,32.35850407836709,71.22934489195904
2020-03-05,CS,l2,38.889438362668955,47.16076913320064,7.371723484109328,0.7357666321924312,30.573288484304463,85.40710380647594
2020-03-06,CS,l2,37.36185881174465,44.02117352248631,8.251531176417021,0.6916015298755023,29.29444444444444,62.395484037778566
2020-03-07,CS,l2,33.5050725910315,40.41026324005776,7.528871684294059,0.753222010823609,28.856626370838697,88.45691923922517
2020-03-08,CS,l2,34.22000530122676,44.589220622097336,8.252052030077143,0.7597416334933459,30.697925041304032,53.16719321182792
2020-03-09,CS,l2,47.935423903003816,52.44651078458156,5.1193255733780845,0.7191399540126711,29.003122845360288,77.50829772079771
2020-03-10,CS,l2,37.001822093431684,74.16299743719836,5.948500858603598,0.639797722423864,47.20543099298807,90.37562216238015
2020-03-11,CS,l2,43.475020977247,67.46562219490302,9.530709226085937,0.8834188082972327,45.084940938479754,83.12716504702806
2020-03-12,CS,l2,45.64601725012684,65.22609927278877,11.045796582497497,0.872922776086589,45.863737820187595,71.52012303399289
2020-03-13,CS,l2,49.05191104346356,78.07672013425437,7.856621980252117,0.8628592703170328,44.706213493085635,75.15389721474196
2020-03-14,CS,l2,52.35354970794469,81.86128624673145,6.461810027449296,0.7269846589652524,52.91162513496988,89.74634394229143
2020-03-15,CS,l2,44.214338680092105,89.87217002302619,8.260848488987758,0.7715329245209382,50.82232483185679,88.88827436938168
2020-03-16,CS,l2,41.71033300160012,80.00314252169275,10.440743993027098,0.8429171333697587,49.13851406288621,76.91300670621447
2020-03-17,CS,l2,53.725122936424306,79.04658607501074,9.886363651146757,0.857580744513393,55.358016235413494,97.88651471984805
2020-03-18,CS,l2,49.48462660500332,64.56348154002264,8.471266537876126,0.7784145510543913,64.21511451300263,116.15165297454111
2020-03-19,CS,l2,43.2448244741053,86.21585700997801,11.844972290520236,0.7760239726027397,63.74486285108431,131.68500370760646
2020-03-20,CS,l2,48.088933282597665,94.22577323108145,17.768763090452588,0.9857435897435896,68.09307295528757,140.23522339954988
2020-03-21,CS,l2,46.082147061884505,75.70473646723646,17.998187988656024,0.9573959951345795,65.08148261978171,118.44902902990802
2020-03-22,CS,l2,45.54741329404572,71.40399754777609,8.974665339733832,0.7808870090673743,52.701020242230285,103.79377756312688
2020-03-23,CS,l2,52.20957294227843,87.96681106818093,11.78343252806723,1.005277605406601,55.262481136739126,124.12701723061313
2020-03-24,CS,l2,52.6035471061156,72.66998334829384,8.803223828851683,0.8525174566470228,51.97340833105674,100.04073423616802
2020-03-25,CS,l2,45.04940434375366,60.65595786337795,8.792431604417905,0.8378250351246926,44.46460618064499,114.08170702754036
2020-03-26,CS,l2,40.48404525881695,70.6739605692802,8.595392811146237,0.8292538181841834,48.37816821475497,102.81508556765405
2020-03-27,CS,l2,16.930669222963743,24.997741287124853,6.386015819120843,0.4757459443989125,20.042054827043412,63.70182729708985
2020-03-28,CS,l2,21.3025641025641,32.49038461538462,4.783556440177444,0.573986746933094,24.131660357231134,53.19156178043164
2020-03-29,CS,l2,19.881302117888875,29.202206188450482,4.881622630709389,0.4952133255928918,26.14194424930726,60.443568928957056
2020-03-30,CS,l2,26.04062560980369,35.48229373999922,5.08483133642951,0.5616757633116082,30.288373564115574,60.43702662972069
2020-03-31,CS,l2,28.971839102889334,42.545521764300304,6.150287664728304,0.605870604534988,42.165562840677,84.96166334933459
2020-04-01,CS,l2,26.989571055952332,37.421028958357724,5.84596927890307,0.590469381350089,39.913345269224266,25.23205128205128
2020-02-26,MG,l2,54.30612244897959,73.22448979591836,21.42857142857143,0.980816326530612,33.57142857142857,81.6938775510204
2020-02-27,MG,l2,58.102040816326536,79.81632653061224,38.102040816326536,1.016122448979592,35.87755102040816,82.77551020408164
2020-02-28,MG,l2,53.6530612244898,79.14285714285714,28.244897959183675,0.9667346938775512,39.97959183673469,83.14285714285712
2020-02-29,MG,l2,54.89795918367348,137.16326530612247,19.73469387755102,0.9210204081632655,36.51020408163265,75.38775510204081
2020-03-01,MG,l2,34.102040816326536,52.734693877551024,17.591836734693878,0.8512244897959182,33.285714285714285,75.71428571428571
2020-03-02,MG,l2,39.265306122448976,105.28571428571429,27.408163265306122,0.9736734693877551,35.857142857142854,80.6734693877551
2020-03-03,MG,l2,25.9795918367347,37.816326530612244,14.36734693877551,0.46326530612244904,17.63265306122449,74.9591836734694
2020-03-04,MG,l2,19.959183673469386,37.44897959183673,43.224489795918366,0.660204081632653,30.48979591836735,77.44897959183673
2020-03-05,MG,l2,52.73469387755102,80.48979591836735,34.73469387755102,1.043469387755102,44.08163265306123,98.57142857142857
2020-03-06,MG,l2,54.244897959183675,94.20408163265306,47.530612244897966,1.0791836734693878,40.714285714285715,83.20408163265306
2020-03-07,MG,l2,36.183673469387756,58.63265306122449,25.51020408163265,1.014489795918367,37.40816326530613,85.22448979591837
2020-03-08,MG,l2,44.63265306122449,74.42857142857142,26.918367346938776,0.9295918367346939,36.57142857142857,79.20408163265306
2020-03-09,MG,l2,31.44897959183674,90.97959183673468,20.91836734693877,0.4944897959183674,17.326530612244895,76.83673469387756
2020-03-10,MG,l2,33.3469387755102,94.14285714285715,20.469387755102037,0.6716326530612244,26.571428571428573,76.71428571428572
2020-03-11,MG,l2,34.48979591836735,83.79591836734694,37.55102040816327,0.8793877551020407,34.714285714285715,83.93877551020408
2020-03-12,MG,l2,22.897959183673468,74.0204081632653,17.387755102040817,0.4120408163265306,12.244897959183673,73.04081632653062
2020-03-13,MG,l2,13.653061224489797,49.857142857142854,18.26530612244898,0.633469387755102,18.6734693877551,75.12244897959184
2020-03-14,MG,l2,15.183673469387754,37.81632653061225,22.795918367346935,0.5799999999999998,18.102040816326532,78.6938775510204
2020-03-15,MG,l2,27.734693877551017,41.79591836734694,18.224489795918366,0.6867346938775509,30.489795918367346,81.22448979591836
2020-03-16,MG,l2,29.04081632653061,53.183673469387756,26.448979591836736,0.8348979591836735,33.91836734693877,88.44897959183673
2020-03-17,MG,l2,25.959183673469386,64.3265306122449,19.693877551020407,0.7222448979591836,30.91836734693878,92.26530612244898
2020-03-18,MG,l2,29.46938775510204,203.93877551020407,27.755102040816325,0.8355102040816326,29.530612244897963,83.22448979591839
2020-03-19,MG,l2,38.69387755102041,110.0,22.877551020408166,0.7869387755102041,36.02040816326531,86.32653061224491
2020-03-20,MG,l2,39.91836734693877,118.12244897959184,21.20408163265306,0.8593877551020408,33.61224489795919,88.57142857142857
2020-03-21,MG,l2,22.51020408163265,67.3265306122449,16.775510204081634,0.6222448979591837,35.38775510204082,83.79591836734693
2020-03-22,MG,l2,27.755102040816325,52.918367346938766,20.591836734693878,0.689795918367347,39.265306122448976,86.36734693877551
2020-03-23,MG,l2,35.42857142857142,76.0,35.61224489795919,0.7824489795918367,37.224489795918366,100.59183673469387
2020-03-24,MG,l2,47.755102040816325,80.36734693877548,25.489795918367346,0.7802040816326531,37.9795918367347,116.61224489795919
2020-03-25,MG,l2,88.40816326530613,388.204081632653,25.163265306122447,0.9806122448979591,40.91836734693877,120.42857142857143
2020-03-26,MG,l2,18.551020408163268,46.877551020408156,10.102040816326529,0.4069387755102041,14.326530612244898,73.48979591836735
2020-03-27,MG,l2,11.26530612244898,28.57142857142857,12.775510204081632,0.5430612244897959,29.48979591836735,76.6734693877551
2020-03-28,MG,l2,26.571428571428573,45.77551020408163,20.836734693877546,0.6708163265306122,29.714285714285715,76.63265306122449
2020-03-29,MG,l2,43.69387755102041,76.53061224489795,21.224489795918366,0.856326530612245,42.40816326530613,99.46938775510203
2020-03-30,MG,l2,54.65306122448979,86.55102040816325,26.938775510204078,0.9722448979591838,45.59183673469388,102.73469387755101
2020-03-31,MG,l2,44.367346938775505,115.26530612244898,15.163265306122447,0.6495918367346938,31.142857142857146,76.08163265306123
2020-04-01,MG,l2,8.204081632653061,24.0,9.795918367346937,0.35755102040816333,13.959183673469386,49.3469387755102
2020-02-26,NCP,l2,69.06875,80.3,8.9,0.758,33.939649169098324,69.3
2020-02-27,NCP,l2,24.5,36.3,8.051157407407405,0.5855,26.32244710719287,41.15
2020-02-28,NCP,l2,41.931789663569326,36.7,7.85,0.6199999999999999,26.093613154736037,47.75
2020-02-29,NCP,l2,42.13645270689763,46.0,4.512413684871312,0.6411522103916174,37.556764614073934,55.45
2020-03-01,NCP,l2,53.4,59.55,5.3,0.8799999999999999,37.8904531242455,73.85
2020-03-02,NCP,l2,43.93372140649683,56.7,8.55,0.8004899517463075,38.053410568558874,78.0
2020-03-03,NCP,l2,37.35,55.5,8.027998653104586,0.601,33.376133392658815,67.93353174603175
2020-03-04,NCP,l2,33.075,55.88125,7.8,0.524,40.81427053799935,65.44496367176453
2020-03-05,NCP,l2,48.625,59.55,10.04074074074074,0.54,41.99187809992895,97.55
2020-03-06,NCP,l2,59.273072568517485,65.27755802342668,8.55,0.5712257429482005,53.14863327193836,100.45
2020-03-07,NCP,l2,85.64363247000959,91.65,9.65,0.9040602485634264,52.09073332505536,100.69884655912199
2020-03-08,NCP,l2,81.556702615495,95.1,6.690473948524796,0.7461040041251906,41.714200865048326,78.9625
2020-03-09,NCP,l2,91.39580983595815,126.2,7.2,1.0286676207894427,45.37033975911095,51.3
2020-03-10,NCP,l2,64.6,108.9,7.0,0.7035,52.45,85.3
2020-03-11,NCP,l2,46.0,102.2,11.73028876333961,0.5760000000000001,64.16177464249498,94.9
2020-03-12,NCP,l2,58.45,114.25,11.7,0.8759999999999999,47.98313259245463,82.35
2020-03-13,NCP,l2,44.88125,97.0,8.0,0.6134999999999999,49.34296661044542,70.99375
2020-03-14,NCP,l2,47.525,93.3,10.8,0.654,57.81935856046026,89.2
2020-03-15,NCP,l2,32.05625,81.3,12.541898148148148,0.5735,52.7,86.48734547781157
2020-03-16,NCP,l2,33.26529881762933,64.3996937580624,10.179982736974264,0.4704999999999999,50.07054666535599,78.2648423649483
2020-03-17,NCP,l2,41.30915444803157,88.69895818243276,14.55,0.6579999999999999,60.840457608148284,113.95
2020-03-18,NCP,l2,48.6,129.39230704559094,12.75,0.7645,54.6057425860392,123.2
2020-03-19,NCP,l2,37.05625,364.0125,7.780324074074074,0.44349999999999995,58.77787840690383,77.7608314707891
2020-03-20,NCP,l2,45.25625,133.98125,12.6,0.667,75.31710268309844,115.8
2020-03-21,NCP,l2,48.55,132.809442754358,12.841898148148154,0.6460000000000001,70.15021259735242,89.01473716569055
2020-03-22,NCP,l2,37.89668393831529,94.45315916820154,10.55,0.647,52.40796405806999,114.60625
2020-03-23,NCP,l2,47.65416921041921,103.45,13.5,0.806,74.87611744031236,113.5
2020-03-24,NCP,l2,50.45,79.45,16.02060185185185,0.697,53.493820664583374,126.3
2020-03-25,NCP,l2,46.19812089981581,72.27164655808723,11.35,0.6139898103309119,55.70322228775619,110.9
2020-03-26,NCP,l2,68.05,351.1,7.065740740740743,0.681,36.15,47.31875
2020-03-27,NCP,l2,11.3,62.05,8.654437382297552,0.33099999999999996,27.5,56.737085023419766
2020-03-28,NCP,l2,24.08125,54.05,9.9,0.499,49.0,84.3
2020-03-29,NCP,l2,20.5,34.90362170002,10.855092592592593,0.46361574074074074,36.40722313624856,81.39375
2020-03-30,NCP,l2,31.954627905051634,40.9953117347185,8.79592357187696,0.3977097332595214,39.15957908224857,97.7
2020-03-31,NCP,l2,35.48659714030477,56.7,7.902083333333334,0.5705,55.68301540737981,83.95
2020-04-01,NCP,l2,38.25335253650932,66.8,7.0,0.634,51.894628112000994,14.163425925925932
2020-02-26,NEC,l2,41.724951124144674,45.35398338220919,20.40530303030303,0.5009090909090909,39.51893939393939,64.34469696969697
2020-02-27,NEC,l2,67.93267350928642,94.96969696969697,45.41287878787879,1.483409090909091,69.17424242424242,90.0
2020-02-28,NEC,l2,68.57954545454545,86.875,30.0,1.5907196969696968,63.55681818181818,62.0
2020-02-29,NEC,l2,91.57954545454545,119.74242424242425,13.083333333333332,0.7310227272727272,38.86363636363636,57.25
2020-03-01,NEC,l2,63.124633431085044,70.0,16.886363636363637,0.72125,45.60227272727273,70.14393939393939
2020-03-02,NEC,l2,58.8206256109482,58.85691593352884,14.708333333333332,0.5764015151515149,46.13257575757576,75.0
2020-03-03,NEC,l2,66.70833333333333,73.54166666666667,30.21969696969697,0.9758333333333333,47.890151515151516,72.49242424242424
2020-03-04,NEC,l2,65.48106060606061,62.083333333333336,12.515151515151516,0.48765151515151506,36.265151515151516,59.875
2020-03-05,NEC,l2,62.041666666666664,74.20833333333334,47.541666666666664,1.8975000000000002,57.54924242424242,86.0
2020-03-06,NEC,l2,43.401515151515156,57.34469696969697,19.329545454545453,0.6786363636363637,31.049242424242422,78.32954545454545
2020-03-07,NEC,l2,46.621212121212125,49.71212121212121,18.208333333333332,0.9470833333333333,56.46590909090909,81.75
2020-03-08,NEC,l2,65.08333333333333,74.33333333333333,19.625,0.8101515151515151,38.15530303030303,64.71212121212122
2020-03-09,NEC,l2,85.97727272727272,103.94318181818181,10.170454545454547,0.8517803030303032,42.45833333333333,44.73863636363636
2020-03-10,NEC,l2,45.0,49.5,22.666666666666668,0.6052651515151515,38.79924242424242,69.75
2020-03-11,NEC,l2,35.0,65.90151515151516,18.147727272727273,0.6690530303030303,45.69318181818182,59.75
2020-03-12,NEC,l2,40.59848484848485,263.7083333333333,16.359848484848484,0.5843181818181818,40.72727272727273,57.0
2020-03-13,NEC,l2,34.140151515151516,63.18939393939394,24.276515151515152,0.9414015151515153,46.333333333333336,68.0
2020-03-14,NEC,l2,46.58333333333333,80.53030303030303,23.416666666666668,1.2061363636363636,45.63257575757576,72.0
2020-03-15,NEC,l2,23.27651515151515,89.0,7.5,0.3734848484848484,22.93181818181818,52.33333333333333
2020-03-16,NEC,l2,33.58333333333333,123.75757575757575,35.52651515151515,1.0887121212121214,41.5,73.0
2020-03-17,NEC,l2,64.0,120.70833333333333,24.25,1.1816666666666666,78.39772727272727,85.0
2020-03-18,NEC,l2,78.33333333333334,170.45833333333334,41.553030303030305,1.3877651515151515,60.996212121212125,126.0
2020-03-19,NEC,l2,85.0,129.08333333333334,13.875,0.6215530303030302,65.45454545454545,66.0
2020-03-20,NEC,l2,106.15151515151516,187.79166666666666,46.46212121212121,2.449128787878788,83.91666666666667,85.5
2020-03-21,NEC,l2,105.40151515151516,129.12878787878788,18.96590909090909,0.7928030303030302,82.75378787878788,85.0
2020-03-22,NEC,l2,238.25,279.63257575757575,43.25757575757576,1.3010984848484848,83.3409090909091,104.0
2020-03-23,NEC,l2,78.57575757575758,105.08333333333334,17.386363636363637,0.6237121212121213,67.15151515151516,83.375
2020-03-24,NEC,l2,159.54166666666666,226.02651515151516,44.45075757575758,2.0370833333333334,74.375,95.0
2020-03-25,NEC,l2,42.553030303030305,81.6780303030303,25.833333333333332,0.5866666666666667,27.708333333333336,102.07954545454545
2020-03-26,NEC,l2,68.54166666666667,95.62878787878788,19.16287878787879,0.678560606060606,41.5,78.0
2020-03-27,NEC,l2,37.125,55.37878787878788,13.674242424242424,0.5515530303030304,49.86742424242424,75.0
2020-03-28,NEC,l2,62.31060606060606,93.33712121212122,33.125,0.5666666666666667,55.43181818181818,75.0
2020-03-29,NEC,l2,55.38905180840665,95.79166666666667,46.041666666666664,1.2349999999999999,51.140151515151516,83.41287878787878
2020-03-30,NEC,l2,87.22727272727272,153.07575757575756,46.63636363636364,1.3319318181818183,58.77272727272727,125.39772727272727
2020-03-31,NEC,l2,107.0,143.84469696969697,29.045454545454547,0.9720833333333333,36.640151515151516,83.3598484848485
2020-04-01,NEC,l2,55.38636363636364,69.79545454545455,8.992424242424242,0.513560606060606,30.924242424242422,34.04166666666667
2020-02-26,NW,l2,51.5,90.875,33.375,1.13125,64.75,95.5
2020-02-27,NW,l2,30.625,70.36666666666666,9.3375,0.4970000000000001,42.770833333333336,63.70833333333333
2020-02-28,NW,l2,90.21666666666667,102.0,24.375,1.3404166666666666,65.9625,86.0
2020-02-29,NW,l2,123.82083333333333,174.0,42.233333333333334,1.3381666666666665,56.07083333333333,84.5
2020-03-01,NW,l2,67.0,98.9375,11.875,0.5637083333333333,31.995833333333334,54.375
2020-03-02,NW,l2,42.5,94.82083333333333,35.0,1.0599999999999998,49.12083333333334,88.5
2020-03-03,NW,l2,34.83333333333334,77.34166666666668,13.875,0.6314166666666668,59.895833333333336,90.0
2020-03-04,NW,l2,25.84583333333333,77.69166666666666,26.75,0.8725,62.9375,91.5
2020-03-05,NW,l2,57.758333333333326,85.875,25.25,0.8174999999999999,54.775,116.5
2020-03-06,NW,l2,62.5,90.75,30.25,1.495,49.4875,100.0
2020-03-07,NW,l2,40.875,84.875,33.625,0.9,76.125,105.0
2020-03-08,NW,l2,56.625,91.875,10.875,0.5374999999999999,40.375,41.625
2020-03-09,NW,l2,57.0,124.875,12.75,0.525,29.0,57.125
2020-03-10,NW,l2,20.0,82.375,19.75,0.7075,60.125,75.5
2020-03-11,NW,l2,35.5,95.75,50.125,1.2325,69.0,112.5
2020-03-12,NW,l2,40.875,161.875,33.625,0.76125,65.25,73.0
2020-03-13,NW,l2,32.125,99.5,14.5,0.34875,42.625,77.5
2020-03-14,NW,l2,37.0375,104.36250000000001,12.0,0.6035416666666669,48.44583333333333,84.875
2020-03-15,NW,l2,30.25416666666667,113.19166666666666,16.0,0.7024166666666667,68.0375,76.80416666666666
2020-03-16,NW,l2,36.5,80.75,34.0,0.8450000000000001,58.27916666666667,103.0
2020-03-17,NW,l2,37.875,94.68333333333334,39.0,1.1817916666666666,85.225,119.5
2020-03-18,NW,l2,44.125,156.375,59.0,1.400125,81.56666666666666,115.5
2020-03-19,NW,l2,33.72916666666666,106.20416666666668,32.75,0.9087916666666667,82.21666666666667,99.5
2020-03-20,NW,l2,42.125,143.625,47.75,1.2752916666666665,75.11666666666667,106.0
2020-03-21,NW,l2,36.125,88.75,22.25,0.6187499999999999,71.0,90.0
2020-03-22,NW,l2,33.875,97.625,31.375,0.7604583333333332,70.07083333333333,117.5
2020-03-23,NW,l2,43.5,105.75,28.85,0.9041666666666667,63.708333333333336,130.5
2020-03-24,NW,l2,57.0,323.375,16.375,0.6815,91.45416666666667,123.5
2020-03-25,NW,l2,113.52083333333333,406.0,28.125,1.111875,80.51666666666667,131.0
2020-03-26,NW,l2,128.5,316.875,9.0,0.562875,26.204166666666666,49.0
2020-03-27,NW,l2,88.0875,252.21666666666664,8.5,0.5365,36.525,62.875
2020-03-28,NW,l2,104.92916666666666,319.00833333333327,13.5625,0.49499999999999994,52.93333333333334,90.5
2020-03-29,NW,l2,72.98333333333332,211.2,26.375,0.5468333333333333,66.89166666666667,98.75
2020-03-30,NW,l2,65.375,116.66666666666663,28.829166666666666,1.0415833333333333,76.28333333333333,121.5
2020-03-31,NW,l2,46.5,172.67083333333332,24.75,0.7346249999999999,75.80416666666666,105.5
2020-04-01,NW,l2,55.625,133.23333333333332,5.875,0.32291666666666663,9.25,30.666666666666657
2020-02-26,SC,l2,39.374959742351045,47.55577218004754,8.229166666666666,0.616621616440457,57.01068553025075,121.0
2020-02-27,SC,l2,15.60599647266314,22.71888179587455,7.20012844107047,0.5034260601180891,48.006983743577955,104.0
2020-02-28,SC,l2,44.55687830687831,46.557957595276434,9.38250805152979,0.5573082489839736,49.63339659535312,139.28899528410398
2020-02-29,SC,l2,61.25239820565908,70.0,9.428370140326662,0.6277344241239168,61.89015700483092,142.0
2020-03-01,SC,l2,32.16996204278813,30.296463077984818,9.332191741430872,0.46503627980983064,45.40984011962273,107.34113564910666
2020-03-02,SC,l2,24.56498638908059,36.71999559082892,12.38119296833065,0.5547915420596581,28.082842573422283,68.71576757917337
2020-03-03,SC,l2,39.1888591749099,51.987638026224985,8.624633847097614,0.5895699237021701,34.66749578253201,96.70871194693659
2020-03-04,SC,l2,25.534315811670883,39.972789663369376,9.622855800935511,0.7353766294762671,27.52977436546277,62.249068322981365
2020-03-05,SC,l2,19.0,32.11643087186565,8.524366421286711,0.6521772103366307,35.09449716279427,71.17237941875624
2020-03-06,SC,l2,31.698635073997394,40.136690054443676,7.358827927306189,0.629840915190553,45.603131469979296,97.83455160647189
2020-03-07,SC,l2,37.56105743424584,40.75929759987732,9.332166820029139,0.4571571581933901,39.235034698259334,67.63954355494211
2020-03-08,SC,l2,36.56922973698336,45.81074399969327,6.486280768345986,0.48861151368760064,45.05584598573729,63.0
2020-03-09,SC,l2,19.64358657311556,27.140138793037345,5.455023579480102,0.5888716068553027,37.515262441530545,54.296112261329654
2020-03-10,SC,l2,28.0,31.014327888965568,8.40550571275209,0.6514484510390307,34.67637355264167,99.33333333333331
2020-03-11,SC,l2,40.77441338854382,56.77650103519669,13.168004754236637,0.6928913810290622,39.29946227283184,70.02862318840579
2020-03-12,SC,l2,41.63642358714822,71.06240031439306,9.509447128287707,0.725569156889809,62.63618395828541,74.47536519438694
2020-03-13,SC,l2,45.6319118549191,75.90076297829921,6.320287938041561,0.9029998562226824,41.961211755233506,78.0
2020-03-14,SC,l2,36.0,53.0,10.357569396518672,0.8956868913426885,30.700129399585926,115.0
2020-03-15,SC,l2,46.72198546890576,71.85891706924315,11.955169273828695,0.5522850529100528,36.30964074840887,141.94695958898856
2020-03-16,SC,l2,28.791778812974464,46.775258799171844,10.2918430335097,0.4978229909516141,47.54998178820642,158.65531592669274
2020-03-17,SC,l2,34.8382160110421,68.16875718886588,8.464643240549037,0.4831399815965034,48.93822751322752,79.55954585537918
2020-03-18,SC,l2,71.03569990798252,95.86895656007975,13.401869105129975,0.6359198010121923,57.120561114945176,64.30248543056514
2020-03-19,SC,l2,61.89095448968637,69.28003604018097,9.316756767119086,0.6450771509086726,55.01788973238249,67.76962752089564
2020-03-20,SC,l2,52.22169503872402,64.79223410781381,11.199503488996243,0.6574392205352351,52.20078598267005,79.45278448738594
2020-03-21,SC,l2,42.42659496971091,59.70584694425274,6.225759144237405,0.5756284889962425,40.054734107813815,53.26935242696112
2020-03-22,SC,l2,33.86251725327812,67.09733916110727,7.506979909516142,0.5934275458170386,44.349565792500584,131.0
2020-03-23,SC,l2,27.570045433632387,48.75986791657081,7.223573729008511,0.5182177267847559,55.35219691741431,187.41574457480255
2020-03-24,SC,l2,31.708862433862436,62.636021010658695,7.268613411548194,0.4761557875162948,41.44953991258339,158.71202841039798
2020-03-25,SC,l2,23.56383617053907,48.484976228816805,8.437513419216318,0.49648538263936814,57.34923510466989,134.74958208726324
2020-03-26,SC,l2,35.27591729928686,61.92359098228664,8.093513725941262,0.47651892109500804,65.22072693811825,59.35369411854919
2020-03-27,SC,l2,35.80571946169772,65.96521930833525,12.22679817498658,0.5883708496280959,47.03171535925159,68.0
2020-03-28,SC,l2,29.34104938271605,46.102684801779006,9.315280653324132,0.679180191319684,35.38481423970554,43.90906276359174
2020-03-29,SC,l2,21.66666666666667,50.248518135112334,9.427946476497201,0.5687944559466298,35.46210509163408,52.74000939345142
2020-03-30,SC,l2,22.555555555555554,43.0,7.3611782071927,0.5575519994632314,31.788318572195383,41.0
2020-03-31,SC,l2,22.025946054750403,38.127984817115255,27.27552239092094,0.7676786768652711,33.58142492906986,14.921296296296294
2020-04-01,SC,l2,4.043995859213252,6.491001456943485,3.80880683996626,0.6798144122383253,23.501388888888886,6.028659611992945
2020-02-26,TP,l2,40.526315789473685,66.92105263157895,31.421052631578945,1.155,24.815789473684212,64.0
2020-02-27,TP,l2,12.605263157894735,49.184210526315795,3.6315789473684212,0.38499999999999995,17.157894736842106,38.28947368421052
2020-02-28,TP,l2,32.73684210526316,40.73684210526316,16.5,1.4605263157894737,24.078947368421055,53.5
2020-02-29,TP,l2,20.842105263157894,56.89473684210527,9.26315789473684,1.3923684210526317,23.552631578947366,64.63157894736842
2020-03-01,TP,l2,12.578947368421053,50.10526315789474,7.421052631578947,0.335,17.36842105263158,47.76315789473684
2020-03-02,TP,l2,26.736842105263158,31.26315789473684,8.657894736842106,0.94,22.973684210526315,56.0
2020-03-03,TP,l2,10.894736842105264,29.28947368421052,8.0,0.625,21.052631578947366,46.73684210526316
2020-03-04,TP,l2,24.315789473684212,28.184210526315788,21.0,1.105,25.5,58.0
2020-03-05,TP,l2,29.5,45.0,25.0,1.495,24.5,59.0
2020-03-06,TP,l2,20.5,34.131578947368425,10.5,1.2847368421052634,27.473684210526315,63.0
2020-03-07,TP,l2,33.3421052631579,132.5,27.5,1.3278947368421055,28.526315789473685,63.5
2020-03-08,TP,l2,20.5,75.36842105263158,6.5,0.2034210526315789,13.0,40.26315789473685
2020-03-09,TP,l2,13.0,34.868421052631575,4.342105263157897,0.29184210526315796,17.184210526315788,39.07894736842105
2020-03-10,TP,l2,20.315789473684212,25.0,28.0,0.9231578947368422,36.1578947368421,64.0
2020-03-11,TP,l2,22.0,56.5,22.5,1.295,29.447368421052634,76.0
2020-03-12,TP,l2,26.5,105.78947368421052,21.0,0.3168421052631579,20.684210526315788,49.473684210526315
2020-03-13,TP,l2,17.0,85.0,2.5,0.5599999999999999,18.0,56.5
2020-03-14,TP,l2,29.0,76.0,29.0,1.375,25.5,70.5
2020-03-15,TP,l2,17.421052631578945,88.65789473684211,19.0,0.9199999999999999,31.157894736842103,59.0
2020-03-16,TP,l2,20.657894736842106,70.23684210526316,4.5,0.46499999999999997,23.263157894736842,58.0
2020-03-17,TP,l2,32.05263157894737,38.15789473684211,23.0,1.5660526315789471,34.71052631578947,79.5
2020-03-18,TP,l2,35.5,62.5,26.5,2.11,33.05263157894737,63.18421052631579
2020-03-19,TP,l2,24.63157894736842,45.0,22.5,1.32,34.39473684210526,61.5
2020-03-20,TP,l2,26.315789473684212,56.236842105263165,27.0,1.005263157894737,33.39473684210526,64.0
2020-03-21,TP,l2,21.44736842105263,42.131578947368425,14.5,1.095263157894737,32.68421052631579,56.0
2020-03-22,TP,l2,27.63157894736842,54.55263157894737,20.5,1.436842105263158,35.89473684210526,83.0
2020-03-23,TP,l2,37.578947368421055,75.21052631578948,29.5,2.4234210526315794,42.8421052631579,76.5
2020-03-24,TP,l2,15.5,40.5,7.0,0.935,33.36842105263158,59.5
2020-03-25,TP,l2,34.0,146.57894736842104,34.5,2.6250000000000004,40.05263157894737,76.5
2020-03-26,TP,l2,30.105263157894736,134.26315789473685,5.710526315789476,0.24,20.421052631578945,38.76315789473684
2020-03-27,TP,l2,18.13157894736842,29.71052631578947,6.5,0.45,26.736842105263158,58.3421052631579
2020-03-28,TP,l2,23.710526315789476,94.15789473684211,7.5,0.615,33.63157894736842,67.5
2020-03-29,TP,l2,15.0,92.0,4.0,0.27499999999999997,21.5,30.5
2020-03-30,TP,l2,18.0,66.0,5.5,0.485,22.5,51.5
2020-03-31,TP,l2,16.5,51.5,6.5,0.285,28.184210526315788,49.5
2020-04-01,TP,l2,0.0,0.0,0.0,0.0,0.0,0.0
2020-02-26,YR,l2,49.24860559964726,62.3262237394958,4.373906914617699,0.690935686728395,20.989738399989626,78.11582098117024
2020-02-27,YR,l2,34.25926674836602,57.417246634765014,5.426658658833904,0.562842294973545,32.92925501219006,89.83149765924888
2020-02-28,YR,l2,37.23863944651935,49.64892789060068,4.644873852318705,0.6708261606494449,34.0240159443407,68.06696940813363
2020-02-29,YR,l2,29.58214078223882,33.72779891586264,5.608762643946467,0.8785633494138396,38.239851158055814,45.81358543417367
2020-03-01,YR,l2,27.22714927637722,30.25037620603797,4.379780903101982,0.6905348502827057,27.85728975386451,55.97831660441955
2020-03-02,YR,l2,26.902530248210397,33.367751614534704,4.860623638344227,0.7779997561987759,23.98441296425978,85.89158328146073
2020-03-03,YR,l2,36.5994754059031,54.46762669882768,7.8293716931216935,0.687829638383131,46.69324174577238,72.00472099024795
2020-03-04,YR,l2,42.939450636736176,61.660361584448594,5.273385432876855,0.6037557491051976,46.419362874779544,88.10406943796036
2020-03-05,YR,l2,29.81426094511879,50.84143427741467,7.486831394594875,0.5559717553688142,32.70626371381886,115.17979789137877
2020-03-06,YR,l2,30.23388960213715,48.425750920738665,5.85110345990248,0.4767548189646229,35.99310622860255,104.67695300342359
2020-03-07,YR,l2,52.78794801716983,72.82788129603694,10.83175504461044,0.8079451732544869,65.92127788152298,110.00503725101152
2020-03-08,YR,l2,57.296262579105715,74.27686394465194,5.740689030241726,0.7140212408574541,54.963452478213505,94.69154839713663
2020-03-09,YR,l2,21.064409171075837,23.728571428571428,8.92268865416537,0.6047204896773524,40.4448530384376,63.81109499818446
2020-03-10,YR,l2,41.75,58.6,4.743569321247017,0.7499183998599439,56.88257210291524,89.37975574489055
2020-03-11,YR,l2,58.03768135958087,83.44951366194626,10.659156097624235,1.1254802255161325,58.404989463377945,119.5763096859114
2020-03-12,YR,l2,52.905906733063595,80.33938443432929,7.351519607843137,0.6769236441798943,46.94162805399938,99.9134012864405
2020-03-13,YR,l2,53.854449469602656,69.53606423124805,13.012778134401911,0.7202307993567797,47.87109259907667,72.28121015535844
2020-03-14,YR,l2,31.15,66.5872568796037,9.473532783483764,0.6492376442706712,62.34460576823322,103.7252955117232
2020-03-15,YR,l2,33.51705905047204,75.28418462755472,10.211589668274717,0.7115176447893973,72.58305730625584,125.90522859606806
2020-03-16,YR,l2,33.748309536777676,72.9501255965349,8.860685982726423,0.6582287082425563,66.17625936948853,111.04167554984957
2020-03-17,YR,l2,41.62009418119099,82.52982758844279,13.026068510737629,0.7512368528893039,88.1520307150638,128.28374238121174
2020-03-18,YR,l2,53.50999140860048,93.77951236513124,15.759141151831102,0.9534786372419338,85.2678766923436,155.32642539423176
2020-03-19,YR,l2,50.7474502671439,133.42011797774666,10.829892947919909,0.7637818536673929,66.41836439205312,112.36053448231144
2020-03-20,YR,l2,31.81655296840959,87.9360783665318,10.147686060535325,0.659106466243905,64.44295686793235,141.15444904813776
2020-03-21,YR,l2,49.527568925718434,89.94505261826953,12.050810606650067,0.7625015740092334,64.10196947297437,131.70096291757443
2020-03-22,YR,l2,50.22074900793651,74.39967660675381,6.002586854186119,0.7769545304232803,43.787535792094616,104.0003692680776
2020-03-23,YR,l2,19.56711831491856,39.83125045388526,7.287162633571947,0.5562438479095342,60.970696681450356,91.15488925199709
2020-03-24,YR,l2,22.78448584526403,41.8778110410831,8.700171925251581,0.5198019296607531,60.28518265639589,94.46535753190165
2020-03-25,YR,l2,35.33612129110904,52.523598045699764,8.526107771812429,0.6353812195248469,55.400871719057996,110.23655552961925
2020-03-26,YR,l2,39.419537199138915,52.654245934484905,7.306816999948127,0.9271316458527855,68.13427358906526,38.31911589635854
2020-03-27,YR,l2,28.649971016184253,40.70160830999066,4.580838942058305,0.7000652764809627,42.730579773576096,68.88713514109348
2020-03-28,YR,l2,21.73739599543521,41.30941445559705,4.6495721807241415,0.6284922661194107,48.60794571532317,71.03600564762942
2020-03-29,YR,l2,18.544470218643013,42.18896919415914,4.864955746187364,0.5841895522097728,44.58067175018155,54.132339227357605
2020-03-30,YR,l2,20.777133001348687,28.978709117906423,6.895458715893765,0.6729353540953419,55.4005976696234,43.390011801016705
2020-03-31,YR,l2,26.160186935885466,42.394565534547155,5.340545634920635,0.7442212700357921,58.75512559653491,46.62956028244631
2020-04-01,YR,l2,16.409151720873535,20.138560665006743,3.592399464415396,0.45565802987861814,37.17257181113186,42.81419665551405
2020-04-01,CS,l3,40.780087226320106,49.58074044803497,7.606710605055353,0.8577954393188416,42.40638147367599,78.54404018525022
2020-04-02,CS,l3,37.87031573195957,52.074064967672285,8.206520834146405,0.7027093350375313,44.683724258153475,54.74034867762036
2020-04-03,CS,l3,45.66238925964954,46.34280122676241,7.166729273179045,0.7207352655166581,33.835407478957706,67.94498936502362
2020-04-04,CS,l3,55.1179020476395,60.4481969324435,8.46684863208836,0.7155263662854987,46.01107598641845,90.83362555126254
2020-04-05,CS,l3,48.518803581417735,61.277173665586915,6.339411368692192,0.6848441553161873,48.695124985364714,102.99755021530136
2020-04-06,CS,l3,47.608009730840784,74.55293616412338,8.229537264697083,0.8351662568785857,56.359681406028436,93.08086810027449
2020-04-07,CS,l3,54.64274723880888,77.82874029192523,11.43989904903147,1.0448884969883827,71.13488727575486,123.25342173047653
2020-04-08,CS,l3,52.422336702702005,79.04217288503818,10.698526226437187,0.9065497063185418,72.5144578763871,133.38360961505938
2020-04-09,CS,l3,46.60948838283313,71.02692128816558,11.234871502166023,0.9300115472427117,68.95200552238224,139.2936884504807
2020-04-10,CS,l3,50.91176660942642,82.15014537720016,8.295756254146664,0.8150298511103305,65.25882751824533,78.08518941315745
2020-04-11,CS,l3,33.0080134709701,56.741517224108556,5.369923343610559,0.5751166530070639,43.779201466130694,97.2043608281622
2020-04-12,CS,l3,35.70853822737384,60.97450890476004,7.465947748767383,0.6782529628328715,47.44114662607813,115.51853234073553
2020-04-13,CS,l3,31.2073391093939,60.923876497677874,8.506890456490913,0.6854375967555192,63.988449179773376,91.74194424930727
2020-04-14,CS,l3,34.39187286162172,63.00437448776489,9.782742555516528,0.7104733263734405,72.86025055614097,130.13051945517697
2020-04-15,CS,l3,46.78183370409398,88.89689504221468,14.228064954663129,0.972412263070939,74.62429506693205,138.13127918927006
2020-04-16,CS,l3,53.51245137831896,90.83128878351481,15.875179526206923,0.939430022180593,73.95002618090518,157.3473986587571
2020-04-17,CS,l3,57.67699283846545,103.9238186069807,11.64537931415785,0.8899367300212049,75.91279563282987,98.5372251818028
2020-04-18,CS,l3,12.25,24.96410256410256,2.583333333333333,0.25166666666666654,9.856410256410255,29.958974358974352
2020-04-01,MG,l3,13.897959183673471,27.53061224489796,18.48979591836735,0.5030612244897958,21.46938775510204,85.83673469387755
2020-04-02,MG,l3,24.51020408163265,49.0,18.591836734693878,0.7016326530612246,40.48979591836734,88.77551020408164
2020-04-03,MG,l3,21.795918367346943,122.6734693877551,17.816326530612244,0.7544897959183674,35.97959183673469,87.08163265306123
2020-04-04,MG,l3,30.30612244897959,59.40816326530612,15.367346938775512,0.7112244897959183,43.22448979591837,94.79591836734693
2020-04-05,MG,l3,35.14285714285714,71.36734693877551,37.673469387755105,0.8936734693877553,42.489795918367356,114.44897959183673
2020-04-06,MG,l3,41.87755102040816,96.81632653061224,28.857142857142858,0.8993877551020408,49.836734693877546,110.53061224489795
2020-04-07,MG,l3,24.93877551020408,59.63265306122448,16.26530612244898,0.6465306122448979,41.42857142857142,105.85714285714286
2020-04-08,MG,l3,31.06122448979592,64.79591836734694,21.673469387755105,0.7414285714285714,41.71428571428572,105.75510204081633
2020-04-09,MG,l3,22.326530612244902,55.979591836734684,11.999999999999998,0.5291836734693877,22.755102040816322,93.75510204081633
2020-04-10,MG,l3,36.38775510204082,66.91836734693878,13.693877551020408,0.7306122448979592,34.265306122448976,95.12244897959184
2020-04-11,MG,l3,33.755102040816325,59.95918367346938,30.16326530612245,0.7489795918367348,34.53061224489796,99.89795918367346
2020-04-12,MG,l3,42.57142857142856,74.6530612244898,23.734693877551024,0.8193877551020408,52.63265306122449,102.14285714285715
2020-04-13,MG,l3,35.9795918367347,75.65306122448979,21.326530612244895,0.8240816326530612,56.04081632653062,110.3061224489796
2020-04-14,MG,l3,57.0,118.53061224489795,28.89795918367347,0.7277551020408164,51.673469387755105,133.0
2020-04-15,MG,l3,49.40816326530612,139.6530612244898,16.653061224489797,0.5430612244897959,36.04081632653061,86.89795918367346
2020-04-16,MG,l3,69.38775510204081,400.02040816326524,10.367346938775512,0.49755102040816324,18.26530612244898,86.08163265306123
2020-04-17,MG,l3,41.46938775510205,72.97959183673468,13.775510204081632,0.6365306122448979,45.3673469387755,112.57142857142857
2020-04-18,MG,l3,39.67346938775511,68.3265306122449,12.48979591836735,0.5644897959183673,39.42857142857143,43.714285714285715
2020-04-01,NCP,l3,52.05625,98.65,8.75,0.768,58.1,57.21875
2020-04-02,NCP,l3,39.65,60.65,9.718055555555555,0.5935,52.35,60.3
2020-04-03,NCP,l3,62.45,78.35,14.296296296296294,0.8800000000000001,56.15,107.4
2020-04-04,NCP,l3,51.1409219076592,220.28430819415988,12.285185185185185,0.6435,59.42680352055352,93.45285986769038
2020-04-05,NCP,l3,39.29375,84.2506484413264,12.152314814814815,0.5150023148148148,53.080950656374384,116.15
2020-04-06,NCP,l3,47.93182506053269,90.59676469167995,11.15,0.6514999999999999,61.18262328145803,131.0
2020-04-07,NCP,l3,45.744994024337245,101.18144190241648,14.45,0.653,66.14836824741485,121.45
2020-04-08,NCP,l3,34.50439814814815,72.79033201575575,15.8,0.9335,47.50243342266647,109.3
2020-04-09,NCP,l3,33.1625,86.3125,9.55,0.473,36.276094287852764,87.57236212861213
2020-04-10,NCP,l3,36.21221557397405,65.25,7.321759259259259,0.4689999999999999,34.57953443292426,59.0
2020-04-11,NCP,l3,35.2,78.1,12.127083333333335,0.6890000000000001,80.20437478011631,114.9302349133917
2020-04-12,NCP,l3,56.50361661251492,97.2,16.7,0.9785000000000001,83.45,121.73990591564744
2020-04-13,NCP,l3,52.01531295916889,107.3,16.95,0.7110000000000001,70.57616840159213,127.05
2020-04-14,NCP,l3,53.328010725150556,84.7418734866828,13.811111111111108,0.6826517050902645,66.4362395059429,126.4
2020-04-15,NCP,l3,45.70012951580748,95.45,14.435416666666665,0.646,58.55,149.45
2020-04-16,NCP,l3,52.0,101.1,9.95,0.8855000000000002,57.601558501134775,95.4
2020-04-17,NCP,l3,41.93125,115.41875,9.05,0.574074316808427,62.30126385698419,124.9
2020-04-18,NCP,l3,27.4,70.6,5.893518518518517,0.3900000000000001,34.4,39.6
2020-04-01,NEC,l3,96.62121212121212,134.32954545454547,18.44318181818182,0.6892424242424242,74.93560606060606,81.5
2020-04-02,NEC,l3,93.93035190615836,133.16666666666669,39.45075757575758,1.7595454545454545,53.53030303030303,88.25
2020-04-03,NEC,l3,113.41666666666667,688.8333333333334,22.534090909090907,2.0414772727272723,54.84469696969697,100.11363636363636
2020-04-04,NEC,l3,129.57954545454547,122.97727272727272,12.458333333333334,0.7234469696969696,47.666666666666664,65.43181818181819
2020-04-05,NEC,l3,247.39772727272728,403.38257575757575,44.13257575757576,1.4024242424242426,82.95833333333333,105.75
2020-04-06,NEC,l3,310.92045454545456,289.3636363636364,51.833333333333336,1.4537121212121211,81.63257575757575,133.0
2020-04-07,NEC,l3,87.30681818181819,135.72727272727272,12.875,0.6287878787878787,44.984848484848484,73.83333333333333
2020-04-08,NEC,l3,144.20075757575756,194.41666666666666,20.416666666666668,0.9205303030303031,61.871212121212125,63.0
2020-04-09,NEC,l3,92.81818181818181,129.47727272727272,12.681818181818182,0.5777272727272728,69.06060606060606,84.83333333333333
2020-04-10,NEC,l3,122.48484848484848,135.46969696969697,62.734848484848484,1.4575,108.04924242424242,119.0
2020-04-11,NEC,l3,278.75,400.8863636363636,71.60606060606061,2.2335606060606064,107.32954545454545,116.0
2020-04-12,NEC,l3,120.65102639296188,178.83333333333334,15.246212121212123,0.8794696969696971,77.54166666666667,125.04166666666667
2020-04-13,NEC,l3,257.0838220918866,242.62609970674487,75.43181818181819,1.7566287878787876,116.69318181818181,188.91666666666669
2020-04-14,NEC,l3,145.92424242424244,194.4848484848485,66.3409090909091,1.966287878787879,75.34469696969697,182.95833333333331
2020-04-15,NEC,l3,276.7462121212121,279.1287878787879,74.55681818181819,2.0106818181818182,95.14772727272727,182.53787878787878
2020-04-16,NEC,l3,220.63257575757575,297.7765151515151,46.06439393939394,1.4428409090909091,95.1590909090909,156.74621212121212
2020-04-17,NEC,l3,333.0,273.75,14.973484848484848,1.6724621212121211,69.76136363636364,139.0
2020-04-18,NEC,l3,173.5,145.91666666666669,10.125,0.94125,54.1544477028348,25.25
2020-04-01,NW,l3,75.0,181.23333333333332,8.25,0.41141666666666676,23.075,47.875
2020-04-02,NW,l3,33.85416666666666,111.8375,19.5,0.3809583333333333,51.9625,64.60416666666669
2020-04-03,NW,l3,29.75,86.1875,10.808333333333334,0.5794583333333332,60.833333333333336,77.9
2020-04-04,NW,l3,30.875,78.0,26.5,1.298875,65.95,94.0
2020-04-05,NW,l3,45.0,102.125,19.71666666666667,1.2217083333333334,69.20416666666667,154.0
2020-04-06,NW,l3,47.0,81.375,33.125,0.971375,64.94583333333333,133.5
2020-04-07,NW,l3,51.125,66.625,18.25,0.7588333333333332,71.71666666666667,104.25
2020-04-08,NW,l3,67.875,137.625,19.75,1.83125,73.35,121.0
2020-04-09,NW,l3,54.7,284.25,20.25,0.9175,61.47083333333333,80.5
2020-04-10,NW,l3,146.1,572.9,13.875,0.425,52.608333333333334,63.5
2020-04-11,NW,l3,72.7625,248.38333333333333,19.5,0.48625000000000007,62.25416666666666,87.5
2020-04-12,NW,l3,95.375,332.9333333333333,23.166666666666668,0.8305416666666665,73.6,115.0
2020-04-13,NW,l3,86.10416666666669,324.7458333333333,31.5,0.8930416666666667,77.8375,104.0
2020-04-14,NW,l3,63.53333333333333,202.97916666666669,31.875,1.09875,90.1375,135.5
2020-04-15,NW,l3,55.875,186.275,41.5,0.8750000000000001,87.925,145.0
2020-04-16,NW,l3,33.46666666666667,138.25,9.116666666666667,0.15249999999999997,30.275,79.375
2020-04-17,NW,l3,82.50416666666666,160.49166666666667,17.0,0.33000000000000007,49.525,106.125
2020-04-18,NW,l3,26.554166666666667,74.57083333333333,3.0458333333333325,0.21366666666666673,18.616666666666667,47.0
2020-04-01,SC,l3,25.0,34.33333333333334,8.374635764128518,0.682135994172226,37.91005866114562,28.52777777777778
2020-04-02,SC,l3,43.82567383636224,70.50982382486006,10.550458170385706,0.7617589812897783,49.654481059734685,48.0
2020-04-03,SC,l3,41.0,64.0,9.506623341768268,0.6952658442604095,46.23428705620734,35.0
2020-04-04,SC,l3,15.148148148148147,20.33333333333333,7.444730082048922,0.6223202400122692,33.132547350663295,62.93426788589832
2020-04-05,SC,l3,18.759415497277818,20.315329537612147,8.44169254658385,0.6200508109040719,31.839104554865422,39.641863162334175
2020-04-06,SC,l3,19.938955026455027,22.47862606395215,9.493558776167472,0.6629805804769574,37.14562629399586,30.95679012345679
2020-04-07,SC,l3,28.0,49.0,9.14845103903075,0.7662245897553869,62.66713346369143,89.0
2020-04-08,SC,l3,53.343853040411005,66.64426999463231,12.909374281113411,0.8008643317230274,63.687817268614374,175.0
2020-04-09,SC,l3,66.60488555325512,100.16822137872863,14.116930258415765,0.6000417529330573,76.89408883521202,227.0
2020-04-10,SC,l3,28.885466030212406,63.21576566214247,14.801766543976688,0.5416249041484548,66.79606146001073,137.5955093551108
2020-04-11,SC,l3,78.86079288398129,122.36562859443295,8.194914117015566,0.7917277624415305,77.82945613833294,76.0
2020-04-12,SC,l3,14.0,24.0,10.317320374204431,0.7182097423510467,26.91968599033816,98.6259853538839
2020-04-13,SC,l3,43.792273406947324,60.987046622191556,11.015790583544206,0.5672622689977762,74.37163177670423,134.13017790046774
2020-04-14,SC,l3,65.25772084195998,105.39025764895331,13.68521873322598,0.8222470669427191,95.5564479334407,160.87944080208572
2020-04-15,SC,l3,96.4980666743348,111.21330515297905,15.80598880453953,0.8093186297063109,88.39833314163025,336.503226363009
2020-04-16,SC,l3,41.50233398512384,65.65818092937658,8.185031822712983,0.589167701863354,51.53866843033511,164.8238200674795
2020-04-17,SC,l3,47.49370830457787,78.19087397438847,13.187109884211333,0.5527355072463768,48.67239858906525,134.02949927152827
2020-04-18,SC,l3,13.149581128747801,31.22134613909975,7.693234797944943,0.48465370753776543,47.18389214784141,21.462798098305342
2020-04-01,TP,l3,20.0,35.0,9.526315789473689,0.20999999999999996,22.578947368421055,51.5
2020-04-02,TP,l3,9.0,32.473684210526315,3.1052631578947363,0.28,20.0,44.0
2020-04-03,TP,l3,13.26315789473684,49.868421052631575,6.578947368421053,0.24000000000000005,22.236842105263158,41.5
2020-04-04,TP,l3,15.263157894736842,46.31578947368421,5.8684210526315805,0.6039473684210527,32.921052631578945,53.28947368421053
2020-04-05,TP,l3,21.55263157894737,56.07894736842105,8.0,1.2252631578947368,32.13157894736842,69.92105263157893
2020-04-06,TP,l3,27.0,50.5,32.5,1.4734210526315792,36.921052631578945,56.342105263157904
2020-04-07,TP,l3,14.5,31.0,6.5,0.42000000000000004,32.0,55.5
2020-04-08,TP,l3,34.5,54.5,22.0,1.1605263157894736,28.368421052631582,67.0
2020-04-09,TP,l3,16.13157894736842,38.94736842105263,15.289473684210527,1.2994736842105263,35.55263157894737,74.0
2020-04-10,TP,l3,41.526315789473685,201.94736842105263,11.5,1.8015789473684212,30.421052631578945,64.23684210526315
2020-04-11,TP,l3,24.605263157894736,108.57894736842104,7.6315789473684195,0.5263157894736843,26.473684210526315,56.94736842105264
2020-04-12,TP,l3,18.578947368421055,45.3421052631579,16.5,2.058684210526316,34.5,77.0
2020-04-13,TP,l3,31.710526315789476,54.5,22.0,1.6439473684210528,33.71052631578947,67.0
2020-04-14,TP,l3,34.026315789473685,75.34210526315789,23.0,1.2205263157894737,41.36842105263158,79.0
2020-04-15,TP,l3,37.63157894736842,110.31578947368422,28.0,1.3671052631578948,38.10526315789474,77.5
2020-04-16,TP,l3,25.289473684210524,86.81578947368422,6.552631578947368,0.2697368421052631,22.236842105263158,49.368421052631575
2020-04-17,TP,l3,17.0,62.73684210526315,7.210526315789476,0.21578947368421053,18.710526315789473,49.973684210526315
2020-04-18,TP,l3,8.526315789473689,24.157894736842103,0.6315789473684204,0.06421052631578938,9.0,8.94736842105263
2020-04-01,YR,l3,64.87371044714182,96.20688858413736,6.940928876180103,0.734130488769582,52.65541530501089,122.67806275287893
2020-04-02,YR,l3,37.66120036440502,75.08629830635958,7.303580019970951,0.6968784488795519,49.363546626984125,93.45053052702562
2020-04-03,YR,l3,36.25802968409586,72.14411784158108,9.501114158626413,0.7245110336264134,76.54053788645088,107.56014229302832
2020-04-04,YR,l3,57.31244592281357,136.21271426626205,13.780180581491855,0.8293987926652142,75.13846116687415,158.91301522460836
2020-04-05,YR,l3,33.15,98.73383088883702,6.150377924317875,0.5978812286025521,46.58374484516029,103.52156551509492
2020-04-06,YR,l3,26.627658049330844,60.33921688582841,8.846282971521942,0.6532105337042223,63.58345562298994,84.83554527829651
2020-04-07,YR,l3,42.101146643842725,80.26763101073763,10.606608245149912,0.6908822495201784,85.80487936378255,119.5384609723519
2020-04-08,YR,l3,38.56011642156863,77.59869728446934,12.311185061987759,0.7669058103797074,82.28805610670194,150.4612537283432
2020-04-09,YR,l3,48.631420596016184,92.9533413411661,10.993057987083722,0.6660988095238095,67.17291047437493,170.68433534988068
2020-04-10,YR,l3,44.66727665603278,79.55437211458657,6.48422181372549,0.6719797933525262,44.51555733867621,136.29806800497977
2020-04-11,YR,l3,26.958554829339143,44.42771361785455,4.6468163515406165,0.5671177997587923,33.871057196026555,82.61690939801846
2020-04-12,YR,l3,44.33011609736487,62.310233523965145,7.029921931735657,0.683170591153128,31.275581264913374,125.36924573996265
2020-04-13,YR,l3,54.39223807578587,94.64550008429298,10.510721288515406,0.8390432491051976,105.40525748262267,162.22790129940864
2020-04-14,YR,l3,62.73123683732752,101.60532355534806,11.726697433603071,0.8632513837016288,99.09263914825189,169.20240912568732
2020-04-15,YR,l3,53.2761351346094,85.8635018220251,12.059157459280009,0.778736452173462,85.71684335771346,149.25395087664697
2020-04-16,YR,l3,40.28800566059757,80.50274341217968,11.336206848480133,0.7713448522927688,86.08785814788878,149.3143929284677
2020-04-17,YR,l3,70.68394160441954,113.69917156214338,12.054484872652765,0.9550942943381057,88.31433369644154,119.7
2020-04-18,YR,l3,33.2,58.6,5.8,0.518,45.8,21.882142857142853
