kind,area,Time.1,value
CO,NCP,0,0.5729886768512662
CO,NCP,1,0.5719296875310234
CO,NCP,2,0.5737896119291942
CO,NCP,3,0.5694166577651156
CO,NCP,4,0.5737888388206871
CO,NCP,5,0.5807484400003005
CO,NCP,6,0.5836625217445065
CO,NCP,7,0.6022210216982994
CO,NCP,8,0.6297668848365099
CO,NCP,9,0.6396780291190423
CO,NCP,10,0.6202333112913399
CO,NCP,11,0.5929337005467789
CO,NCP,12,0.5547698208415753
CO,NCP,13,0.5230861649027364
CO,NCP,14,0.4960782736561101
CO,NCP,15,0.47513915802166407
CO,NCP,16,0.46951323800809147
CO,NCP,17,0.46887151834455254
CO,NCP,18,0.4870441781048812
CO,NCP,19,0.5113043764328999
CO,NCP,20,0.538920870932345
CO,NCP,21,0.5535163171622675
CO,NCP,22,0.5668949830937495
CO,NCP,23,0.5675195677328981
CO,NEC,0,0.7069233030213357
CO,NEC,1,0.7127755527626498
CO,NEC,2,0.7121299259879914
CO,NEC,3,0.7156074690515103
CO,NEC,4,0.7211545957402807
CO,NEC,5,0.7257205877414875
CO,NEC,6,0.7354576631558127
CO,NEC,7,0.7656240655401951
CO,NEC,8,0.8028885467579018
CO,NEC,9,0.8022410298430221
CO,NEC,10,0.7456739221392807
CO,NEC,11,0.6766877075822059
CO,NEC,12,0.6158518006309427
CO,NEC,13,0.5574514423952516
CO,NEC,14,0.5158884651150876
CO,NEC,15,0.4926605456574267
CO,NEC,16,0.4912798975620652
CO,NEC,17,0.5193218406555757
CO,NEC,18,0.5695680596285436
CO,NEC,19,0.6220166777328991
CO,NEC,20,0.6656822192977092
CO,NEC,21,0.6893064908058059
CO,NEC,22,0.7015651806209983
CO,NEC,23,0.7106764418377327
CO,NW,0,0.9678453703703709
CO,NW,1,0.9696706414473691
CO,NW,2,0.9677382726269321
CO,NW,3,0.9557346345514962
CO,NW,4,0.9497490212527963
CO,NW,5,0.9493536853685371
CO,NW,6,0.9624889258028796
CO,NW,7,1.000975913621263
CO,NW,8,1.0486492825607068
CO,NW,9,1.1142048611111122
CO,NW,10,1.1580517429193897
CO,NW,11,1.1580343543046352
CO,NW,12,1.0795178571428565
CO,NW,13,0.9958194444444443
CO,NW,14,0.9025350729517395
CO,NW,15,0.8431730011261261
CO,NW,16,0.7943759754738022
CO,NW,17,0.7805109427609427
CO,NW,18,0.8075179378531071
CO,NW,19,0.847990881032548
CO,NW,20,0.9062268990929708
CO,NW,21,0.9293378267973859
CO,NW,22,0.9495115740740739
CO,NW,23,0.966667207792207
CO,PR,0,0.4840575731649289
CO,PR,1,0.4762447980473057
CO,PR,2,0.4675909282736075
CO,PR,3,0.46249543487709727
CO,PR,4,0.4576402713066514
CO,PR,5,0.4559612753095019
CO,PR,6,0.4566531349885999
CO,PR,7,0.4636573949603346
CO,PR,8,0.48238287400000873
CO,PR,9,0.4983874151525735
CO,PR,10,0.49222237392287177
CO,PR,11,0.4807806867660079
CO,PR,12,0.46652528469992605
CO,PR,13,0.4542448093490474
CO,PR,14,0.44166179931034477
CO,PR,15,0.43712676886841345
CO,PR,16,0.4356544050056755
CO,PR,17,0.44136152976640153
CO,PR,18,0.4576561802687474
CO,PR,19,0.4844621423903868
CO,PR,20,0.4936500686876355
CO,PR,21,0.49858655290500087
CO,PR,22,0.4966085110673609
CO,PR,23,0.4937522394515379
CO,SC,0,0.4763699600443174
CO,SC,1,0.4689397168412702
CO,SC,2,0.46886545362747256
CO,SC,3,0.4579866548965475
CO,SC,4,0.4595226674916982
CO,SC,5,0.4544237728868991
CO,SC,6,0.45584902739249467
CO,SC,7,0.4655652582872904
CO,SC,8,0.4886071596406931
CO,SC,9,0.5116547114708218
CO,SC,10,0.506670381228193
CO,SC,11,0.49339337179231507
CO,SC,12,0.4750233393612388
CO,SC,13,0.45762164611629014
CO,SC,14,0.43766982007221683
CO,SC,15,0.4271570700253246
CO,SC,16,0.42105317122467745
CO,SC,17,0.4234831193417149
CO,SC,18,0.4363909858993616
CO,SC,19,0.45508948177121916
CO,SC,20,0.46872285709377953
CO,SC,21,0.4747534007385033
CO,SC,22,0.4794567242914966
CO,SC,23,0.4771155882561358
CO,TP,0,0.742503908285565
CO,TP,1,0.7361868686868687
CO,TP,2,0.736156015037594
CO,TP,3,0.738028319529789
CO,TP,4,0.7220418848167538
CO,TP,5,0.7372807017543856
CO,TP,6,0.7486799887419078
CO,TP,7,0.8183292214912288
CO,TP,8,1.0249875998897764
CO,TP,9,1.1677225130890054
CO,TP,10,1.2334516847674741
CO,TP,11,1.1857894736842118
CO,TP,12,1.0283324382384536
CO,TP,13,0.8806970884658453
CO,TP,14,0.7772050318102944
CO,TP,15,0.6854986914800816
CO,TP,16,0.6446839080459763
CO,TP,17,0.6124440411373261
CO,TP,18,0.6208351080012166
CO,TP,19,0.669558479532164
CO,TP,20,0.7158193163320676
CO,TP,21,0.7724372469635631
CO,TP,22,0.801292367043262
CO,TP,23,0.7766360978203085
CO,YR,0,0.40791196464175644
CO,YR,1,0.4006987863599354
CO,YR,2,0.3984557117067612
CO,YR,3,0.3945201941785114
CO,YR,4,0.39973986135056566
CO,YR,5,0.398071421764216
CO,YR,6,0.4032636021407131
CO,YR,7,0.41536908168700737
CO,YR,8,0.43550773666214754
CO,YR,9,0.4429291697447079
CO,YR,10,0.4338617545876223
CO,YR,11,0.42091639305751455
CO,YR,12,0.4090583528082152
CO,YR,13,0.3990788120684008
CO,YR,14,0.38544536061269286
CO,YR,15,0.3791216672580867
CO,YR,16,0.3791473002861571
CO,YR,17,0.38521741548173666
CO,YR,18,0.39913291342745744
CO,YR,19,0.4070803046202515
CO,YR,20,0.4152108822518031
CO,YR,21,0.41696479338188197
CO,YR,22,0.4168813435368431
CO,YR,23,0.4094127891395882
NO2,NCP,0,24.177461178883014
NO2,NCP,1,23.73566476299516
NO2,NCP,2,23.34162281071459
NO2,NCP,3,22.775379209995062
NO2,NCP,4,22.45715774610171
NO2,NCP,5,22.24576883423589
NO2,NCP,6,22.248852132887674
NO2,NCP,7,23.238031657437872
NO2,NCP,8,23.690497745755952
NO2,NCP,9,22.108182675749486
NO2,NCP,10,20.115867283360977
NO2,NCP,11,18.19624970374461
NO2,NCP,12,16.242925979147753
NO2,NCP,13,14.817129911001512
NO2,NCP,14,13.838627576976135
NO2,NCP,15,13.708181299524787
NO2,NCP,16,14.222194171093298
NO2,NCP,17,15.41617336674197
NO2,NCP,18,17.876209176766995
NO2,NCP,19,20.528737986193146
NO2,NCP,20,22.735125417139425
NO2,NCP,21,23.8924699977402
NO2,NCP,22,24.683063481891647
NO2,NCP,23,24.522858575312338
NO2,NEC,0,26.943084423881466
NO2,NEC,1,26.27798119487527
NO2,NEC,2,25.55275781549085
NO2,NEC,3,24.932648885519008
NO2,NEC,4,24.481293983588206
NO2,NEC,5,24.386315038212032
NO2,NEC,6,25.189231019876182
NO2,NEC,7,27.033243449894815
NO2,NEC,8,27.42339982486151
NO2,NEC,9,25.177486235152102
NO2,NEC,10,22.29796475569476
NO2,NEC,11,19.71976818880044
NO2,NEC,12,17.606842573896078
NO2,NEC,13,15.907306248732002
NO2,NEC,14,15.011196598094024
NO2,NEC,15,15.2713196937722
NO2,NEC,16,16.528331613121665
NO2,NEC,17,19.48718212524575
NO2,NEC,18,23.257376165854527
NO2,NEC,19,26.79965003218202
NO2,NEC,20,28.682968608790265
NO2,NEC,21,29.28266062550089
NO2,NEC,22,28.784946236559136
NO2,NEC,23,27.996548200029718
NO2,NW,0,43.19072327044026
NO2,NW,1,42.000871459694984
NO2,NW,2,40.5402505446623
NO2,NW,3,39.12739071038252
NO2,NW,4,37.87926292629265
NO2,NW,5,36.98633279044517
NO2,NW,6,36.683497267759584
NO2,NW,7,37.39331140350879
NO2,NW,8,38.51329234972681
NO2,NW,9,38.49268426842683
NO2,NW,10,37.14774811218987
NO2,NW,11,34.915419407894746
NO2,NW,12,31.65021574973032
NO2,NW,13,28.65564381270903
NO2,NW,14,25.348519736842103
NO2,NW,15,23.764043715846995
NO2,NW,16,23.246820175438597
NO2,NW,17,24.120358306188926
NO2,NW,18,27.048999999999996
NO2,NW,19,31.69848104793757
NO2,NW,20,37.067323825503365
NO2,NW,21,41.25841476655808
NO2,NW,22,43.59026881720429
NO2,NW,23,44.26637001078749
NO2,PR,0,19.57244444753738
NO2,PR,1,18.46733190818891
NO2,PR,2,17.531267026898874
NO2,PR,3,16.844490263905783
NO2,PR,4,16.350129129000223
NO2,PR,5,16.054785420946665
NO2,PR,6,15.98786926617276
NO2,PR,7,16.456474903612424
NO2,PR,8,17.340318259534612
NO2,PR,9,17.595296879169982
NO2,PR,10,17.10180885024684
NO2,PR,11,15.787194722640349
NO2,PR,12,14.665144919844444
NO2,PR,13,13.368057707385583
NO2,PR,14,12.397965027252653
NO2,PR,15,12.447734440655704
NO2,PR,16,12.962433624284193
NO2,PR,17,14.14961058091005
NO2,PR,18,16.121998428273525
NO2,PR,19,18.715201903242573
NO2,PR,20,19.805368173249917
NO2,PR,21,20.591826801161975
NO2,PR,22,20.68848176948194
NO2,PR,23,20.385264345443357
NO2,SC,0,18.34139466548742
NO2,SC,1,17.518839991206434
NO2,SC,2,16.76720824959507
NO2,SC,3,15.727475496074703
NO2,SC,4,15.2595087397852
NO2,SC,5,14.54244843675006
NO2,SC,6,14.325355542520661
NO2,SC,7,14.83770693037911
NO2,SC,8,16.1149190790261
NO2,SC,9,16.543553156317323
NO2,SC,10,16.02346305743414
NO2,SC,11,14.9493111001276
NO2,SC,12,13.568570220139854
NO2,SC,13,12.231006648309762
NO2,SC,14,11.31315521723393
NO2,SC,15,11.170160854742685
NO2,SC,16,11.363578255043947
NO2,SC,17,12.053624727558473
NO2,SC,18,13.506674466321357
NO2,SC,19,15.455845919618628
NO2,SC,20,17.1485756751101
NO2,SC,21,18.179218152357258
NO2,SC,22,18.71660917008118
NO2,SC,23,18.774661162519806
NO2,TP,0,20.795149638802894
NO2,TP,1,19.526051309177454
NO2,TP,2,18.10446971700608
NO2,TP,3,17.186590848981755
NO2,TP,4,16.70690118152524
NO2,TP,5,16.469275981832755
NO2,TP,6,16.71610845295056
NO2,TP,7,19.14625760380852
NO2,TP,8,24.01475279106858
NO2,TP,9,27.651551956815116
NO2,TP,10,27.42469635627528
NO2,TP,11,24.475513650436238
NO2,TP,12,19.920360110803323
NO2,TP,13,16.50287828947368
NO2,TP,14,14.934284034107616
NO2,TP,15,14.339473684210532
NO2,TP,16,13.767594859241123
NO2,TP,17,13.803209947946788
NO2,TP,18,15.241274238227147
NO2,TP,19,19.13943235050978
NO2,TP,20,23.156371191135733
NO2,TP,21,25.366016564253275
NO2,TP,22,24.612007405448296
NO2,TP,23,22.777184076943634
NO2,YR,0,19.26123076531207
NO2,YR,1,18.013516123819006
NO2,YR,2,17.04384395701596
NO2,YR,3,16.459514906667007
NO2,YR,4,16.38523380680497
NO2,YR,5,16.22412721202481
NO2,YR,6,16.50436201170562
NO2,YR,7,17.791697239247068
NO2,YR,8,19.406267371159682
NO2,YR,9,18.26786147215927
NO2,YR,10,16.910498136179825
NO2,YR,11,15.40876336248436
NO2,YR,12,14.008473167705102
NO2,YR,13,13.369387258259767
NO2,YR,14,12.847828083785815
NO2,YR,15,13.152708898684516
NO2,YR,16,13.54621446760262
NO2,YR,17,14.728327004468031
NO2,YR,18,16.749992317550948
NO2,YR,19,18.560478471193704
NO2,YR,20,19.86666677004484
NO2,YR,21,20.72643459113283
NO2,YR,22,20.54833328381454
NO2,YR,23,19.833991225109852
O3,NCP,0,26.100928499471934
O3,NCP,1,24.997298567463186
O3,NCP,2,24.109452929628468
O3,NCP,3,23.26819576305405
O3,NCP,4,22.573734802732357
O3,NCP,5,21.838038474496933
O3,NCP,6,21.089875492729803
O3,NCP,7,19.80998623648636
O3,NCP,8,19.775175456998372
O3,NCP,9,22.87875825706057
O3,NCP,10,27.761729683763406
O3,NCP,11,33.426085657724954
O3,NCP,12,39.16241352655677
O3,NCP,13,44.09383242831774
O3,NCP,14,47.75049561886912
O3,NCP,15,49.710661568463394
O3,NCP,16,50.30672434551606
O3,NCP,17,49.09576356842919
O3,NCP,18,45.24629507701449
O3,NCP,19,40.17399104102385
O3,NCP,20,35.38074895371925
O3,NCP,21,31.890450876523257
O3,NCP,22,29.08237240663375
O3,NCP,23,27.32243813442739
O3,NEC,0,36.95280157651389
O3,NEC,1,36.02407785079786
O3,NEC,2,35.34398799103511
O3,NEC,3,34.71543055354226
O3,NEC,4,34.06691029688804
O3,NEC,5,33.197320529340324
O3,NEC,6,31.66014618324004
O3,NEC,7,30.142850332503937
O3,NEC,8,31.48717402211262
O3,NEC,9,36.90056119460352
O3,NEC,10,43.56403839510802
O3,NEC,11,49.92647285151441
O3,NEC,12,55.08308246200761
O3,NEC,13,59.14204557047491
O3,NEC,14,61.43728507096697
O3,NEC,15,62.043017413401536
O3,NEC,16,61.03841210430774
O3,NEC,17,57.48567714032474
O3,NEC,18,52.14396360132062
O3,NEC,19,46.628987825468776
O3,NEC,20,42.5568267120382
O3,NEC,21,40.04444756579967
O3,NEC,22,38.60396400512103
O3,NEC,23,37.79681926387276
O3,NW,0,37.15874208860759
O3,NW,1,35.08327814569536
O3,NW,2,34.32877049180328
O3,NW,3,33.508825136612025
O3,NW,4,32.81463852097128
O3,NW,5,31.88364754098361
O3,NW,6,30.846408991228056
O3,NW,7,29.22777777777778
O3,NW,8,27.917886513157878
O3,NW,9,29.2687292358804
O3,NW,10,34.81983932461874
O3,NW,11,44.09173634336679
O3,NW,12,55.823968512486424
O3,NW,13,65.9468509350935
O3,NW,14,73.46821546052632
O3,NW,15,78.30933060109292
O3,NW,16,80.10836074561405
O3,NW,17,79.22514832793962
O3,NW,18,75.48937158469944
O3,NW,19,67.95298404840486
O3,NW,20,58.36362499999999
O3,NW,21,49.66890176600441
O3,NW,22,43.21971578366445
O3,NW,23,39.120971302428245
O3,PR,0,29.167012454398304
O3,PR,1,29.1350744055645
O3,PR,2,28.701474218166304
O3,PR,3,28.12975897418116
O3,PR,4,27.402744759158534
O3,PR,5,26.94741275124567
O3,PR,6,26.170853500621526
O3,PR,7,25.00762740275517
O3,PR,8,24.29007209217303
O3,PR,9,26.29562404742826
O3,PR,10,31.013749963499247
O3,PR,11,37.16951029581877
O3,PR,12,44.383695541518456
O3,PR,13,50.933246836601825
O3,PR,14,55.85366557017232
O3,PR,15,58.41632963239204
O3,PR,16,58.81126785797123
O3,PR,17,57.383337137673784
O3,PR,18,53.19866281868992
O3,PR,19,46.268228694106654
O3,PR,20,39.88394295961148
O3,PR,21,35.44360145016702
O3,PR,22,32.53470042305457
O3,PR,23,30.655463220554687
O3,SC,0,26.31735401111031
O3,SC,1,25.497311051015025
O3,SC,2,25.22109344986876
O3,SC,3,24.512367569029006
O3,SC,4,24.143617856539617
O3,SC,5,23.627142893505027
O3,SC,6,22.82403822316808
O3,SC,7,21.58734301303558
O3,SC,8,20.528285156259734
O3,SC,9,21.581496945086787
O3,SC,10,25.555584366060753
O3,SC,11,31.0056273032029
O3,SC,12,37.195511775180115
O3,SC,13,42.68062629971704
O3,SC,14,46.782260404379194
O3,SC,15,48.8652839380459
O3,SC,16,49.308705641154965
O3,SC,17,48.49673810909797
O3,SC,18,45.61200074519834
O3,SC,19,40.9256720809025
O3,SC,20,36.28599189104212
O3,SC,21,32.44252168648359
O3,SC,22,29.89233505050249
O3,SC,23,27.788014932977404
O3,TP,0,67.85930680359435
O3,TP,1,65.80308981408747
O3,TP,2,64.46969696969695
O3,TP,3,62.87313432835821
O3,TP,4,61.49629727585296
O3,TP,5,59.90657894736842
O3,TP,6,58.05144141761437
O3,TP,7,54.09657894736844
O3,TP,8,48.3825
O3,TP,9,45.536735239113014
O3,TP,10,50.010765550239235
O3,TP,11,61.08538925438595
O3,TP,12,73.03747588867458
O3,TP,13,82.43475877192982
O3,TP,14,88.70938215102973
O3,TP,15,92.08353045535183
O3,TP,16,93.88834803772436
O3,TP,17,93.91493268053856
O3,TP,18,90.74745813397129
O3,TP,19,84.42133408387276
O3,TP,20,77.37900306321357
O3,TP,21,71.82059845044085
O3,TP,22,69.53394736842104
O3,TP,23,68.79631578947368
O3,YR,0,28.05030409702381
O3,YR,1,27.200040132768105
O3,YR,2,26.750622613042946
O3,YR,3,26.124466354371208
O3,YR,4,25.533583261334226
O3,YR,5,24.36988741439519
O3,YR,6,23.459594216721936
O3,YR,7,21.968277495660374
O3,YR,8,21.933851765282807
O3,YR,9,24.849261956753605
O3,YR,10,29.658013806190198
O3,YR,11,34.439170236026335
O3,YR,12,39.526533443089065
O3,YR,13,43.615249051836315
O3,YR,14,45.584231300323246
O3,YR,15,46.671813565988295
O3,YR,16,46.66354903119708
O3,YR,17,45.536687970872464
O3,YR,18,42.27208035632824
O3,YR,19,37.63759131719337
O3,YR,20,33.91318840164667
O3,YR,21,31.467124750253234
O3,YR,22,29.56305381108786
O3,YR,23,28.342550791797265
PM10,NCP,0,56.91920756354617
PM10,NCP,1,56.85698258239158
PM10,NCP,2,57.02643252339884
PM10,NCP,3,55.884586674155464
PM10,NCP,4,55.72181590785956
PM10,NCP,5,55.49197787007207
PM10,NCP,6,55.37321959008986
PM10,NCP,7,55.25081659970004
PM10,NCP,8,55.940126979129865
PM10,NCP,9,57.214813056213
PM10,NCP,10,57.78380160214303
PM10,NCP,11,56.269434990782834
PM10,NCP,12,53.610145176401645
PM10,NCP,13,51.32071225229799
PM10,NCP,14,49.86519398286272
PM10,NCP,15,48.73888078139515
PM10,NCP,16,48.32427800055399
PM10,NCP,17,48.80658432833951
PM10,NCP,18,49.56526240459206
PM10,NCP,19,51.279669921792824
PM10,NCP,20,53.66340031577929
PM10,NCP,21,55.66646922410924
PM10,NCP,22,56.76596340733531
PM10,NCP,23,56.876901983111864
PM10,NEC,0,69.7209936988568
PM10,NEC,1,70.70946207753977
PM10,NEC,2,69.80500349113262
PM10,NEC,3,68.7618089548744
PM10,NEC,4,68.01193713179256
PM10,NEC,5,66.78738447525103
PM10,NEC,6,66.13591236781299
PM10,NEC,7,67.90315879923061
PM10,NEC,8,69.58313750469246
PM10,NEC,9,70.277772619173
PM10,NEC,10,67.92594065311403
PM10,NEC,11,63.2368751072657
PM10,NEC,12,57.588628907997425
PM10,NEC,13,53.13282707944547
PM10,NEC,14,49.290030198296314
PM10,NEC,15,47.15042233516343
PM10,NEC,16,47.43617643089534
PM10,NEC,17,50.068316295046365
PM10,NEC,18,53.70658914515026
PM10,NEC,19,59.42436184732287
PM10,NEC,20,65.52942968621517
PM10,NEC,21,69.10972126118014
PM10,NEC,22,70.21733220050976
PM10,NEC,23,70.82672108239805
PM10,NW,0,106.96596998928194
PM10,NW,1,105.78857973421923
PM10,NW,2,106.09207785087717
PM10,NW,3,103.88109185918593
PM10,NW,4,103.93676876379693
PM10,NW,5,100.20988212719297
PM10,NW,6,98.87435581140346
PM10,NW,7,98.9953073089701
PM10,NW,8,99.15379415011041
PM10,NW,9,101.86716335540837
PM10,NW,10,103.84915300546446
PM10,NW,11,105.77575632563253
PM10,NW,12,104.43549731182797
PM10,NW,13,100.59954470198674
PM10,NW,14,98.47040562913908
PM10,NW,15,95.94124177631576
PM10,NW,16,94.82322427293063
PM10,NW,17,96.44043874172183
PM10,NW,18,96.81489512471656
PM10,NW,19,99.52029109589041
PM10,NW,20,101.66928490990992
PM10,NW,21,104.87431917211329
PM10,NW,22,105.96094262295087
PM10,NW,23,105.30031524122809
PM10,PR,0,28.36244642031142
PM10,PR,1,28.03317296431316
PM10,PR,2,27.81410778564433
PM10,PR,3,27.32676920343258
PM10,PR,4,26.92285050560751
PM10,PR,5,26.798768896425305
PM10,PR,6,26.56971968464592
PM10,PR,7,26.64432275298439
PM10,PR,8,27.082228383141736
PM10,PR,9,28.261650306972303
PM10,PR,10,28.77962338511766
PM10,PR,11,28.278341374212953
PM10,PR,12,27.73002845851749
PM10,PR,13,26.928399437754514
PM10,PR,14,25.825382244206565
PM10,PR,15,24.923963310125295
PM10,PR,16,24.65793958856059
PM10,PR,17,25.26994285757216
PM10,PR,18,26.289539894340198
PM10,PR,19,28.136438576475662
PM10,PR,20,28.95269125010957
PM10,PR,21,29.52394940706448
PM10,PR,22,29.406896716626168
PM10,PR,23,28.965134612596106
PM10,SC,0,34.60426233809032
PM10,SC,1,34.13443727689089
PM10,SC,2,33.789239760526485
PM10,SC,3,32.578044822754975
PM10,SC,4,32.095805730544456
PM10,SC,5,31.449180096350783
PM10,SC,6,31.038272375659016
PM10,SC,7,31.678319141454992
PM10,SC,8,32.027209152259026
PM10,SC,9,32.71733562919291
PM10,SC,10,33.28248084639187
PM10,SC,11,32.86818331525367
PM10,SC,12,32.00806573295158
PM10,SC,13,30.796262536425008
PM10,SC,14,29.73974401748996
PM10,SC,15,28.845626775428187
PM10,SC,16,28.7976987155222
PM10,SC,17,28.951523014177045
PM10,SC,18,30.2114516990337
PM10,SC,19,31.943984625988563
PM10,SC,20,33.828779923855656
PM10,SC,21,34.87559540964096
PM10,SC,22,35.253860684619546
PM10,SC,23,34.83519801567506
PM10,TP,0,49.38639281129653
PM10,TP,1,46.20237777184076
PM10,TP,2,44.17759851891035
PM10,TP,3,42.26102057173391
PM10,TP,4,40.382847982901424
PM10,TP,5,39.0763963480129
PM10,TP,6,38.57253539941222
PM10,TP,7,39.3944696767299
PM10,TP,8,41.173066595059076
PM10,TP,9,45.65260444926749
PM10,TP,10,53.01718582169709
PM10,TP,11,56.836331901181524
PM10,TP,12,54.505181347150256
PM10,TP,13,47.63478139793931
PM10,TP,14,41.36100610642628
PM10,TP,15,37.22346119536129
PM10,TP,16,37.21437740693196
PM10,TP,17,37.60755148741418
PM10,TP,18,38.37957181088313
PM10,TP,19,41.35049161364951
PM10,TP,20,45.54501006614899
PM10,TP,21,49.58305921052632
PM10,TP,22,52.52997829625612
PM10,TP,23,52.19518645860885
PM10,YR,0,32.333885981595714
PM10,YR,1,31.674833528798903
PM10,YR,2,31.22436612122048
PM10,YR,3,30.83844460510781
PM10,YR,4,30.768877712411644
PM10,YR,5,30.47370685062012
PM10,YR,6,30.45513928076203
PM10,YR,7,31.17236948210657
PM10,YR,8,31.92512023601812
PM10,YR,9,32.766225068513656
PM10,YR,10,32.89207613322342
PM10,YR,11,31.8990472061314
PM10,YR,12,31.381245726799328
PM10,YR,13,30.587506756942012
PM10,YR,14,29.903237631117648
PM10,YR,15,29.599189784896517
PM10,YR,16,29.485456349627412
PM10,YR,17,29.840359005671246
PM10,YR,18,30.84253985356259
PM10,YR,19,31.735323621147074
PM10,YR,20,33.32939390341019
PM10,YR,21,33.909531113363514
PM10,YR,22,33.95095419562159
PM10,YR,23,32.98960539729977
PM2.5,NCP,0,39.19009284590788
PM2.5,NCP,1,38.890389990451894
PM2.5,NCP,2,39.112797837492955
PM2.5,NCP,3,38.61644215610665
PM2.5,NCP,4,38.570630381010524
PM2.5,NCP,5,38.46750800545145
PM2.5,NCP,6,38.35552130448246
PM2.5,NCP,7,38.268111745652185
PM2.5,NCP,8,38.41133163703832
PM2.5,NCP,9,38.58317139864339
PM2.5,NCP,10,38.49416304816538
PM2.5,NCP,11,37.88802734193463
PM2.5,NCP,12,36.03999880704917
PM2.5,NCP,13,34.498676309385395
PM2.5,NCP,14,33.20283636824246
PM2.5,NCP,15,32.196397200892996
PM2.5,NCP,16,31.86696264870668
PM2.5,NCP,17,31.91510444467785
PM2.5,NCP,18,32.693775237187864
PM2.5,NCP,19,34.03112823284836
PM2.5,NCP,20,36.152234497220405
PM2.5,NCP,21,37.49932893221793
PM2.5,NCP,22,38.53450453507002
PM2.5,NCP,23,38.65020604929973
PM2.5,NEC,0,52.64581870185013
PM2.5,NEC,1,52.841442366370416
PM2.5,NEC,2,52.015197510490644
PM2.5,NEC,3,51.540860354433626
PM2.5,NEC,4,51.05383389887005
PM2.5,NEC,5,50.30891044795462
PM2.5,NEC,6,50.12204291818478
PM2.5,NEC,7,51.6027220698136
PM2.5,NEC,8,52.78685713383063
PM2.5,NEC,9,52.67470711513961
PM2.5,NEC,10,50.09449485149827
PM2.5,NEC,11,45.60435650535758
PM2.5,NEC,12,40.502591754983754
PM2.5,NEC,13,36.07795583651488
PM2.5,NEC,14,32.57391533197985
PM2.5,NEC,15,31.0912676058931
PM2.5,NEC,16,31.241289854033912
PM2.5,NEC,17,33.36196470056963
PM2.5,NEC,18,37.4989181746656
PM2.5,NEC,19,42.664678308006756
PM2.5,NEC,20,47.25561887899077
PM2.5,NEC,21,50.262689382476914
PM2.5,NEC,22,51.98725055988383
PM2.5,NEC,23,53.1082008733464
PM2.5,NW,0,57.07406815761448
PM2.5,NW,1,57.28276766004416
PM2.5,NW,2,56.69960121012098
PM2.5,NW,3,55.00570682068207
PM2.5,NW,4,53.65810032894736
PM2.5,NW,5,52.35394736842105
PM2.5,NW,6,51.60617386489482
PM2.5,NW,7,51.36032008830022
PM2.5,NW,8,51.61397714604237
PM2.5,NW,9,52.37350993377483
PM2.5,NW,10,53.67057461873637
PM2.5,NW,11,55.098744481236196
PM2.5,NW,12,54.716922043010754
PM2.5,NW,13,54.544325657894746
PM2.5,NW,14,52.884997249724975
PM2.5,NW,15,51.18696895424835
PM2.5,NW,16,50.11869517543862
PM2.5,NW,17,50.84103618421053
PM2.5,NW,18,51.985451273532654
PM2.5,NW,19,53.580984340044736
PM2.5,NW,20,55.90333619702177
PM2.5,NW,21,56.71506514657982
PM2.5,NW,22,57.24915048543684
PM2.5,NW,23,57.214180327868846
PM2.5,PR,0,19.31115037377142
PM2.5,PR,1,19.195904414900966
PM2.5,PR,2,18.759832781603926
PM2.5,PR,3,18.455022072808916
PM2.5,PR,4,18.26853947221926
PM2.5,PR,5,18.321630221030613
PM2.5,PR,6,18.271443133195316
PM2.5,PR,7,18.506137459907173
PM2.5,PR,8,18.587958954763273
PM2.5,PR,9,18.860353041801908
PM2.5,PR,10,18.845583466457203
PM2.5,PR,11,18.291292941642208
PM2.5,PR,12,18.099753934325815
PM2.5,PR,13,17.556558577531078
PM2.5,PR,14,16.892865574820977
PM2.5,PR,15,16.62536272963293
PM2.5,PR,16,16.468508612372794
PM2.5,PR,17,16.765455055802178
PM2.5,PR,18,17.52775788037056
PM2.5,PR,19,19.076671700139865
PM2.5,PR,20,19.673409673331943
PM2.5,PR,21,19.86994495174322
PM2.5,PR,22,19.942826442083533
PM2.5,PR,23,19.682644828554235
PM2.5,SC,0,24.924958421435672
PM2.5,SC,1,24.951914519021965
PM2.5,SC,2,25.088070193830962
PM2.5,SC,3,24.43138256280627
PM2.5,SC,4,24.499722763375875
PM2.5,SC,5,24.101759671693472
PM2.5,SC,6,23.9110106615423
PM2.5,SC,7,23.77085898598445
PM2.5,SC,8,24.243105605255792
PM2.5,SC,9,24.49180995082098
PM2.5,SC,10,24.171824449706865
PM2.5,SC,11,23.791156927032425
PM2.5,SC,12,23.027009804982754
PM2.5,SC,13,22.02129431189344
PM2.5,SC,14,21.074814028440116
PM2.5,SC,15,20.13541544832478
PM2.5,SC,16,19.805115289130782
PM2.5,SC,17,19.6954626115406
PM2.5,SC,18,20.41181883599006
PM2.5,SC,19,21.678468735505522
PM2.5,SC,20,23.094197326262353
PM2.5,SC,21,24.075832255016927
PM2.5,SC,22,24.74341383301055
PM2.5,SC,23,24.704480361615083
PM2.5,TP,0,24.62172673061966
PM2.5,TP,1,23.513963480128904
PM2.5,TP,2,22.344882306268186
PM2.5,TP,3,21.656158161902223
PM2.5,TP,4,21.309695290858734
PM2.5,TP,5,20.637032997000276
PM2.5,TP,6,20.405678670360114
PM2.5,TP,7,20.845614035087717
PM2.5,TP,8,22.050617615467235
PM2.5,TP,9,24.40687210253613
PM2.5,TP,10,28.45622986036519
PM2.5,TP,11,31.501349527665294
PM2.5,TP,12,29.76370614035088
PM2.5,TP,13,25.024158757549603
PM2.5,TP,14,20.75299043062201
PM2.5,TP,15,18.070332080200505
PM2.5,TP,16,16.874869292436387
PM2.5,TP,17,16.708609271523173
PM2.5,TP,18,16.712512413108243
PM2.5,TP,19,17.706015037593986
PM2.5,TP,20,20.489589358010402
PM2.5,TP,21,23.566685037200347
PM2.5,TP,22,25.62429149797572
PM2.5,TP,23,25.75146198830409
PM2.5,YR,0,22.646125534888437
PM2.5,YR,1,22.314229918441146
PM2.5,YR,2,22.452657005317562
PM2.5,YR,3,22.18007367616228
PM2.5,YR,4,22.586778131879697
PM2.5,YR,5,22.438097018487447
PM2.5,YR,6,22.438204516971805
PM2.5,YR,7,22.877979975119864
PM2.5,YR,8,23.269268641029925
PM2.5,YR,9,23.374935262250553
PM2.5,YR,10,23.13387381384367
PM2.5,YR,11,22.746013851667904
PM2.5,YR,12,22.19042413323667
PM2.5,YR,13,21.509527535953456
PM2.5,YR,14,20.676017981757347
PM2.5,YR,15,20.147928692928044
PM2.5,YR,16,19.993576817452347
PM2.5,YR,17,20.18415072289211
PM2.5,YR,18,20.78826551980786
PM2.5,YR,19,21.40456202299853
PM2.5,YR,20,22.38845404244258
PM2.5,YR,21,22.927889632335035
PM2.5,YR,22,23.184196688531806
PM2.5,YR,23,22.827808399934973
SO2,NCP,0,7.0217016147906195
SO2,NCP,1,6.956320543420479
SO2,NCP,2,6.826920459140777
SO2,NCP,3,6.719936073146778
SO2,NCP,4,6.709281034749271
SO2,NCP,5,6.741485430610147
SO2,NCP,6,6.790078513371812
SO2,NCP,7,7.058804341487313
SO2,NCP,8,7.508847773733818
SO2,NCP,9,8.116529889741894
SO2,NCP,10,8.536350218685131
SO2,NCP,11,8.599672155440222
SO2,NCP,12,8.185656050403104
SO2,NCP,13,7.661475605294159
SO2,NCP,14,7.207367286666726
SO2,NCP,15,6.824775516497794
SO2,NCP,16,6.625651318757859
SO2,NCP,17,6.38040068793724
SO2,NCP,18,6.3230986891493055
SO2,NCP,19,6.5047521106547075
SO2,NCP,20,6.851602601842924
SO2,NCP,21,7.083049408138935
SO2,NCP,22,7.161269377835362
SO2,NCP,23,7.0878201653946675
SO2,NEC,0,13.591848033549532
SO2,NEC,1,13.561632499939709
SO2,NEC,2,13.340002192909084
SO2,NEC,3,13.464240249917301
SO2,NEC,4,13.587661936382734
SO2,NEC,5,13.9001858763589
SO2,NEC,6,14.605630165289261
SO2,NEC,7,15.70541883275572
SO2,NEC,8,17.14092908557718
SO2,NEC,9,17.83506555114715
SO2,NEC,10,17.459311311532844
SO2,NEC,11,16.276061635514097
SO2,NEC,12,14.66809481548446
SO2,NEC,13,13.232921471567481
SO2,NEC,14,12.064614838199038
SO2,NEC,15,11.465426787657456
SO2,NEC,16,11.162951736916597
SO2,NEC,17,11.359538118616337
SO2,NEC,18,12.04344441063096
SO2,NEC,19,13.084661742193695
SO2,NEC,20,13.6783029329188
SO2,NEC,21,13.720026539132661
SO2,NEC,22,13.65919850892166
SO2,NEC,23,13.637306995391182
SO2,NW,0,13.803511530398325
SO2,NW,1,13.955664488017439
SO2,NW,2,13.7255737704918
SO2,NW,3,13.394253812636167
SO2,NW,4,13.258539603960392
SO2,NW,5,13.371674809989146
SO2,NW,6,13.57495901639345
SO2,NW,7,14.146751644736836
SO2,NW,8,15.157086074561406
SO2,NW,9,16.99868929359824
SO2,NW,10,19.60385348583878
SO2,NW,11,21.539174972314505
SO2,NW,12,21.195888520971323
SO2,NW,13,19.514415548098444
SO2,NW,14,17.649155773420485
SO2,NW,15,15.876663961038957
SO2,NW,16,14.852316337719301
SO2,NW,17,14.199658469945351
SO2,NW,18,13.940734649122808
SO2,NW,19,13.698979028697583
SO2,NW,20,13.196857923497268
SO2,NW,21,13.228068060021439
SO2,NW,22,13.489921536796544
SO2,NW,23,13.95297231270358
SO2,PR,0,4.87340251509786
SO2,PR,1,4.908540999567172
SO2,PR,2,4.881153378462603
SO2,PR,3,4.882420195184638
SO2,PR,4,4.913596254274491
SO2,PR,5,4.950357768542112
SO2,PR,6,4.995964208027291
SO2,PR,7,5.041482463619116
SO2,PR,8,5.205092530508653
SO2,PR,9,5.41531649909348
SO2,PR,10,5.5615789517531695
SO2,PR,11,5.454921541567052
SO2,PR,12,5.366975142917337
SO2,PR,13,5.133193166028175
SO2,PR,14,4.944086737719882
SO2,PR,15,4.824111500689776
SO2,PR,16,4.767684970074761
SO2,PR,17,4.756062872045994
SO2,PR,18,4.749839115719632
SO2,PR,19,4.75860047784079
SO2,PR,20,4.764543253437248
SO2,PR,21,4.787871478978938
SO2,PR,22,4.803075893915968
SO2,PR,23,4.822125525454289
SO2,SC,0,4.6210120476913294
SO2,SC,1,4.622804514355692
SO2,SC,2,4.578808094955021
SO2,SC,3,4.561767906551897
SO2,SC,4,4.594929483612464
SO2,SC,5,4.6276086751168055
SO2,SC,6,4.660231853884371
SO2,SC,7,4.732589813256136
SO2,SC,8,4.948238059808891
SO2,SC,9,5.389199843214487
SO2,SC,10,5.692354064850663
SO2,SC,11,5.700080885507327
SO2,SC,12,5.504845316478071
SO2,SC,13,5.157918678146017
SO2,SC,14,4.888685789616908
SO2,SC,15,4.7400788922732815
SO2,SC,16,4.550583454161466
SO2,SC,17,4.426420515209645
SO2,SC,18,4.408613253475034
SO2,SC,19,4.373877133981089
SO2,SC,20,4.4647125700322485
SO2,SC,21,4.542596249385967
SO2,SC,22,4.611993012906257
SO2,SC,23,4.609094402806407
SO2,TP,0,9.571282575370466
SO2,TP,1,9.515
SO2,TP,2,9.221000261848648
SO2,TP,3,9.056166535742342
SO2,TP,4,9.09970907167416
SO2,TP,5,9.07478517722879
SO2,TP,6,9.31286549707602
SO2,TP,7,10.005950806664908
SO2,TP,8,10.785220627325899
SO2,TP,9,11.914373497194761
SO2,TP,10,14.864722617354193
SO2,TP,11,18.018698060941823
SO2,TP,12,17.53522267206479
SO2,TP,13,14.241639254385964
SO2,TP,14,11.585097254004578
SO2,TP,15,9.655502392344495
SO2,TP,16,8.947827417380662
SO2,TP,17,8.660601503759398
SO2,TP,18,8.370813397129185
SO2,TP,19,8.594378616698817
SO2,TP,20,9.130639097744359
SO2,TP,21,9.806701030927838
SO2,TP,22,9.957683152605128
SO2,TP,23,9.850573215216258
SO2,YR,0,3.5840036835681635
SO2,YR,1,3.557464900042703
SO2,YR,2,3.543104676258016
SO2,YR,3,3.54774730332024
SO2,YR,4,3.5800444615801377
SO2,YR,5,3.560444702531893
SO2,YR,6,3.593582529708539
SO2,YR,7,3.6635232665905852
SO2,YR,8,3.88893262578886
SO2,YR,9,4.167606918014526
SO2,YR,10,4.350831468410267
SO2,YR,11,4.369375940353265
SO2,YR,12,4.2972323516857
SO2,YR,13,4.159007940921467
SO2,YR,14,4.040956498500042
SO2,YR,15,3.9081984595302033
SO2,YR,16,3.8356571392235366
SO2,YR,17,3.785958116430906
SO2,YR,18,3.7161221515001093
SO2,YR,19,3.636231049092688
SO2,YR,20,3.627431673950806
SO2,YR,21,3.6005079714230157
SO2,YR,22,3.6287081414523357
SO2,YR,23,3.5822292094467807
